index,comic_book_store_name,address,city,state,latitude,longitude
0,Albertville Candy Shop,118 E. Main St.,Albertville,AL,34.26736883,-86.20768565
1,All American Sports Cards and Comics,106 S. Water St.,Tuscumbia,AL,34.73233117,-87.7050928
2,All Star Comics & Cards,58 N. Main St.,Arab,AL,34.31746684,-86.49568801
3,Big Hit Sports Cards,6450 Hwy. 90 #L.,Spanish Fort,AL,30.72134005,-87.86599855
4,Bob's Comics,979 Gadsden Hwy.,Birmingham,AL,33.58621146,-86.66134045
5,Book Basket,700 Main St.,Gardendale,AL,33.64076379,-86.81006605
6,Capitol City Comic Shop,7933 Vaughn Rd.,Montgomery,AL,32.3409771,-86.1767674
7,Cards,2820 Citizens Pkwy.,Selma,AL,32.44225112,-87.01908168
8,Champs Sports Cards,805 Regal Dr. S.W. #4,Huntsville,AL,34.7842707,-86.5389964
9,Collector's Corner,150 N. Dean Rd.,Auburn,AL,32.60823916,-85.46479443
10,Collector's Paradise Comic Books,530 Broad St.,Gadsden,AL,34.01376483,-86.00524395
11,Comics and Cards Trading Post,7968 Vaughn Rd.,Montgomery,AL,32.337391,-86.1763647
12,Empire Comics,414 B Glover Ave.,Enterprise,AL,31.31804178,-85.85029552
13,Excelsior!,3150 Lorna Rd. #108,Hoover,AL,33.39879974,-86.80311766
14,"Haven: Comics, Etc.",1871-S Slaughter Rd.,Madison,AL,34.7105329,-86.7622802
15,"Hit Videos and Collectibles, LLC",4003 Holmes Ave.,Huntsville,AL,34.727249,-86.6283984
16,JC's Guns & Tackle,1650 Jordan Ln.,Huntsville,AL,34.7444201,-86.6300194
17,"Kingdom Comics, Inc.",1425 Montgomery Hwy. #119,Vestavia Hills,AL,33.41873849,-86.80134216
18,Legion,1564 Montgomery Hwy. #C,Birmingham,AL,33.5274441,-86.799047
19,Legion Comics,3248 Cahaba Heights Rd.,Birmingham,AL,33.45419749,-86.72969349
20,Mayhan's Racin Collectibles,3301 Ashley Rd.,Montgomery,AL,32.3454172,-86.3740968
21,Quality Comix LLC,7968 Vaughn Rd.,Montgomery,AL,32.337391,-86.1763647
22,Quality Comix LLC,153 West Main Street,Prattville,AL,32.45972427,-86.47446481
23,Sho'Nuff Comics,618 15th St.,Tuscaloosa,AL,33.1996624,-87.5454415
24,The Comic Shop,1815 6th Ave. S.E. #D,Decatur,AL,34.5730388,-86.991684
25,The Comic Strip,503 Hargrove Rd. E.,Tuscaloosa,AL,33.1872717,-87.5294242
26,The DeeP Comics & Games,2312 Memorial Pkwy S.W. #A,Huntsville,AL,34.7151141,-86.5921363
27,The Keep Comics,230 W. Laurel St.,Scottsboro,AL,34.673015,-86.03603744
28,The Wizard,2221 2nd Ave. N.W.,Cullman,AL,34.18132968,-86.84079198
29,A No 1 Cards Comics & Collectibles,Northway Mall,Anchorage,AK,61.14833502,-149.1947208
30,Bosco's Comics Cards & Games,800 E. Dimond Blvd.,Anchorage,AK,61.1436859,-149.8676714
31,Bosco's Comics Cards & Games,2606 Spenard Rd.,Anchorage,AK,61.1971544,-149.9056129
32,Collector's Hideaway,609 W. Willoughby St.,Juneau,AK,58.30062988,-134.4177051
33,The Comic Shop,418 3rd St. #2,Fairbanks,AK,64.8467643,-147.6973814
34,All About Books & Comics,5060 N. Central,Phoenix,AZ,33.51075238,-112.0741486
35,Amazing Discoveries,2928 E. Broadway,Tucson,AZ,32.2210917,-110.9283107
36,Ash Avenue Comics & Books,810 S. Ash Ave.,Tempe,AZ,33.42178727,-111.9424748
37,Beyond Gaming,18635 N. 35th Ave.,Phoenix,AZ,33.6559878,-112.1337722
38,Bookmans Entertainment Exchange,6230 E. Speedway Rd.,Tucson,AZ,32.2352203,-110.8593881
39,Bookmans Entertainment Exchange,1930 E. Grant Rd.,Tucson,AZ,32.2498692,-110.9429952
40,Bookmans Entertainment Exchange,3733 W. Ina Rd.,Tucson,AZ,32.3359509,-111.0441146
41,Bookmans Entertainment Exchange,8034 N. 19th Ave.,Phoenix,AZ,33.55367776,-112.0997637
42,Bookmans Entertainment Exchange,1056 S. Country Club Dr.,Mesa,AZ,33.395829,-111.8414483
43,Bookmans Entertainment Exchange,1520 Riordan Ranch St.,Flagstaff,AZ,35.1859616,-111.6593716
44,Charlie's Comic Books,5445 E. 22nd St. #115,Tucson,AZ,32.207804,-110.875865
45,Cleary's Seventh Inning Stretch,116 N. 7th St.,Sierra Vista,AZ,31.55677971,-110.2914284
46,Comic Zone,5909 N. Granite Reef Rd.,Scottsdale,AZ,33.522516,-111.8997036
47,Comics Legends and Heroes,13560 W. Van Buren B-102,Goodyear,AZ,33.26207833,-112.3624804
48,Drawn To Comics,5757 W. Glendale Ave.,Glendale,AZ,33.5384262,-112.1835565
49,Fan-Quest,2241 S. Ave. A #30,Yuma,AZ,32.59961134,-114.5485578
50,Fantasy Comics,2595 N. 1st Ave.,Tucson,AZ,32.2538679,-110.9613807
51,Game Depot Arizona,3136 S. McClintock Dr. #11,Tempe,AZ,33.3945161,-111.9115008
52,Gamemaster Games,1120 S Gilbert Rd. #114,Gilbert,AZ,33.33056227,-111.790435
53,Gamer's Edge,2144 N. Arizona Ave. #B-24,Chandler,AZ,33.33609877,-111.8418004
54,Gamers Entertainment LLC,520 W. Sheldon St. #5,Prescott,AZ,34.5456194,-112.474997
55,Greg's Comics,2722 S. Alma School Rd. #8,Mesa,AZ,33.365799,-111.8594582
56,Hastings,1540 S. Riordan Rd.,Flagstaff,AZ,35.18643535,-111.6175217
57,Hastings Book and Video,3758 E. Fry Blvd.,Sierra Vista,AZ,31.55453862,-110.2597558
58,Hero Comics,3519 W. Thunderbird Rd.,Phoenix,AZ,33.612842,-112.0059171
59,Heroes & Villains,4533 E. Broadway Blvd.,Tucson,AZ,32.2220244,-110.8958936
60,Jesse James Comics and Collectables,10802 N. 43rd Ave. #1,Glendale,AZ,33.56725245,-112.2827261
61,Key Comics,1318 N. Emerson,Mesa,AZ,33.4386334,-111.8541771
62,Menagerie,507 Hickory Ave.,Mena,AZ,40.76950395,-86.04502307
63,Neo City Anime,621A Miller Valley Rd.,Prescott,AZ,34.55265429,-112.4801462
64,Pop Culture Paradise,707 S. Forest Ave. #A,Tempe,AZ,33.42317168,-111.9365556
65,Pyramid Comics & Games,108 W. Fry Blvd.,Sierra Vista,AZ,31.55450697,-110.3005117
66,R-Galaxy,2420 N. Campbell Ave.,Tucson,AZ,32.2507444,-110.9434697
67,Red-Tail Books,204 N. Florence St.,Casa Grande,AZ,32.8765102,-111.7542681
68,Samurai Comics,10720 W. Indian School Rd. #61,Phoenix,AZ,33.5721625,-112.0879662
69,Samurai Comics,1051 E. Camelback Rd.,Phoenix,AZ,33.5089505,-112.0586551
70,Samurai Comics East,1120 S. Country Club Dr. #107,Mesa,AZ,33.3949557,-111.841447
71,Scottsdale Baseball Cards,6943 East 1st Ave.,Scottsdale,AZ,33.493667,-111.9311752
72,SpazDog Comics,21610 N. 35th Ave. #162,Glendale,AZ,33.6825648,-112.1358485
73,Stalking Moon Comics & Collectibles,7680 E. S.R. 69 #F-3,Prescott Valley,AZ,34.61158692,-112.2877367
74,The Moose Cave,1191 E. Deuce of Clubs,Show Low,AZ,34.25410448,-110.0291632
75,Alternate Worlds Cards & Comic,3812 Central Ave.,Hot Springs,AR,34.46038698,-93.06184055
76,Arkham Comics,514 W. Main St.,Blytheville,AR,35.9277184,-89.9087153
77,Collector's Edition Comics,3217 J.F.K. Blvd.,North Little Rock,AR,34.77939071,-92.23086831
78,Comic Book Store,9307 Treasure Hill Rd.,Little Rock,AR,34.7607564,-92.379031
79,Conway Comics Plus,Hwy. 286 W.,Conway,AR,35.0756477,-92.4694189
80,Double Header Video Games & Hobbies,5316 Dollarway Rd.,Pine Bluff,AR,34.24244183,-92.05691366
81,Galaxy Comics and Games,2322 East Matthews Ave.,Jonesboro,AR,35.8347505,-90.6758933
82,Gallery of Champions and Cards,1404 N. College Ave.,Fayetteville,AR,36.0808664,-94.1549247
83,HawgHead Comics,1600 S. Greenwood Ave.,Fort Smith,AR,35.3682845,-94.40390615
84,Kapow! Comics,4047 E. Kiehl,Sherwood,AR,34.8326171,-92.1873535
85,Rock Bottom Books,1206 N. Garland Ave.,Fayetteville,AR,36.0787328,-94.1738224
86,Shannon's Cards & Comics,1722 N. Falls Blvd.,Wynne,AR,35.2396197,-90.7828201
87,Springdale Card & Comic Wholesale,888 E. Robinson Ave.,Springdale,AR,36.16713274,-94.12468119
88,The Bat Cave,1155 Front St. #5,Conway,AR,35.0950796,-92.4432939
89,Time Machine Collectibles,305 Towson Ave.,Fort Smith,AR,35.38117909,-94.42099947
90,Vintage Stock,4505 W. Walnut St.,Rogers,AR,36.3356756,-94.180053
91,Vintage Stock,745 E. Joyce Blvd. #120,Fayetteville,AR,36.1231518,-94.1474828
92,105 Cards & Comics,13515 Paramount Blvd. #A,South Gate,CA,33.9131125,-118.1596267
93,2nd Dimension Comics & Games,332 Pollasky Ave.,Clovis,CA,36.82587574,-119.7024249
94,4 Color Fantasies,7172 Archibald Ave.,Rancho Cucamonga,CA,34.1239532,-117.5945577
95,A Collector's Dream,21222 Ventura Blvd.,Los Angeles (Woodland Hills),CA,37.15999125,-121.9229363
96,A-1 Comics Roseville,818 Sunrise Ave.,Roseville,CA,38.7322603,-121.2726806
97,"A-1 Comics, Inc.",5361 Auburn Blvd.,Sacramento,CA,38.6675624,-121.3395751
98,Adventure Comics and Toys,125 Ocean View Blvd. #304,Pacific Grove,CA,36.6188412,-121.9045432
99,Adventures in Comics and Games,6026 Fair Oaks Blvd.,Carmichael,CA,38.61035551,-121.3287147
100,Al's Comic Shop,1847 Pacific Ave.,Stockton,CA,37.9695277,-121.2992087
101,Alakazam! Comics,4237 Campus Dr. #B162,Irvine,CA,33.6501406,-117.8385944
102,Alameda Sports Cards & Comics,1515 Webster St.,Alameda,CA,37.7737984,-122.276935
103,Amazing Al's Comix,600 F St. #E,Chula Vista,CA,32.63776649,-117.0921618
104,Amazing Comics & Cards,5555 Stearns St. #103,Long Beach,CA,33.7963191,-118.1228948
105,Amazing Fantasy,650 Irving St.,San Francisco,CA,37.76419704,-122.4647233
106,Anime 101 and Manga Too!,313 Vineyard Town Center,Morgan Hill,CA,37.1122981,-121.6432106
107,Another World Comics,1615 Colorado Blvd.,Los Angeles (Eagle Rock),CA,37.15999125,-121.9229363
108,Anubis Warpus,1525 Haight St.,San Francisco,CA,37.76967349,-122.4474045
109,Artifex Entertainment,9839 Mira Mesa Blvd.,San Diego,CA,32.9163679,-117.1138148
110,Astounding Fantasy Art Books and Comics,2319-A W. Olive Ave.,Burbank,CA,34.16270783,-118.3279943
111,Atlantis Fantasyworld,1020 Cedar St.,Santa Cruz,CA,36.9756371,-122.0274625
112,BaT Comics,127 Main St.,Chico,CA,39.7309511,-121.840392
113,Big Steve's Comic Kitchen,606 Mission Ave.,Oceanside,CA,33.19645283,-117.3787653
114,Bizarro World,706 5th St.,Davis,CA,38.54722686,-121.7409889
115,Black Cat Comics,73 N. Milpitas Blvd.,Milpitas,CA,37.43352651,-121.9001824
116,Blue Moon Comics,1555 S. Novato Blvd. # A,Novato,CA,38.0990668,-122.5713133
117,Bonanza Books & Comics,2308 McHenry Ave.,Modesto,CA,37.6758683,-120.9936913
118,Books & More,270 S. Main St.,Altaville,CA,0.0,0.0
119,Brave New World,22722 Lyons Ave. #6,Santa Clarita (Newhall),CA,17.95300332,-66.38669384
120,Broadway Comics & Cards,1508 Broadway,Sacramento,CA,38.5616287,-121.4935619
121,Cabin Fever Games,54200 North Circle Dr.,Idyllwild,CA,33.7455949,-116.7141454
122,Caffeinated Comics Company,3188 Mission St.,San Francisco,CA,37.74585399,-122.4198255
123,Captain Nemo Games and Comics,563 Higuera St.,San Luis Obispo,CA,35.2773718,-120.6665855
124,Cards and Comics Central,5424 Geary Blvd.,San Francisco,CA,37.78057887,-122.4775123
125,Castle Comics & Games,4100 Cameron Park Dr. #111,Cameron Park,CA,38.6587682,-120.9690308
126,Chamber Of Comics,13545 Roscoe Blvd.,Los Angeles (Van Nuys),CA,37.15999125,-121.9229363
127,CJ's Sports Cards & Memorabilia,5143 Waring Rd.,San Diego,CA,32.7909837,-117.0808228
128,Collector's Paradise,319 S. Arroyo Pkwy. #4,Pasadena,CA,34.1399327,-118.1478152
129,Collector's Paradise,7131 Winnetka Ave.,Los Angeles (Winnetka),CA,37.15999125,-121.9229363
130,Collector's Universe & Anime,3288 Pierce St.,Richmond,CA,37.8984526,-122.3076569
131,Collectors Choice,1137 S. Mooney Blvd.,Visalia,CA,36.32203593,-119.3138569
132,Collectors Ink,2593 Hwy. 32,Chico,CA,39.7433562,-121.8869309
133,Collectors' Exchange,3126 S. Sepulveda Blvd.,Los Angeles (Palms),CA,34.02606897,-118.4274978
134,Comic Book Box,1451 Southwest Blvd #103,Rohnert Park,CA,38.34804791,-122.696395
135,Comic Catastrophe,27678 Santa Margarita Pkwy.,Mission Viejo,CA,33.65329655,-117.6472773
136,Comic City,4570 Alvarado Canyon Rd.,San Diego,CA,32.7820038,-117.095821
137,Comic Cult,1047 W. Carson St.,Torrance,CA,33.83459854,-118.341642
138,Comic Dreams,Louise Ave.,Manteca,CA,37.7961861,-121.2310521
139,Comic Gallery,4224 Balboa Ave.,San Diego,CA,32.8126207,-117.1997402
140,Comic Ink,7980 Amador Valley Blvd.,Dublin,CA,37.7052396,-121.935513
141,Comic Ink,4267 Overland Ave.,Culver City,CA,34.0114438,-118.4007133
142,Comic Madness,12345 Mountain Ave. #J,Chino,CA,34.0288231,-117.6667152
143,Comic Odeyssey,3400 E. 8th St. #106,National City,CA,32.68550192,-117.0721278
144,Comic Outpost,2381 Ocean Ave.,San Francisco,CA,37.7297961,-122.4694775
145,Comic Quest,5 E. Citrus Ave. #101,Redlands,CA,34.0558086,-117.1822727
146,Comic Quest,23811 Bridger Rd. #100,Lake Forest,CA,33.6164524,-117.7086866
147,Comic Universe,18902 Brookhurst St.,Fountain Valley,CA,33.68830578,-117.9539069
148,Comickaze Comics Books and more,5517 A/B Clairemont Mesa Blvd.,San Diego,CA,32.81689046,-117.1333353
149,Comicopolis,829 Front St.,Santa Cruz,CA,36.9756787,-122.0262979
150,Comics & Collectibles,1904 Fruitridge Rd.,Sacramento,CA,38.52463467,-121.4971532
151,Comics & Stuff,2435 E. Plaza Blvd.,National City,CA,32.67938774,-117.0810128
152,Comics & Stuff,200 E. Via Rancho Pkwy.,Escondido,CA,33.06925038,-117.0691262
153,Comics & Stuff,567 Parkway Plaza,El Cajon,CA,32.80165819,-116.9604836
154,Comics & Stuff,325 3rd Ave.,Chula Vista,CA,32.640559,-117.0795635
155,Comics Conspiracy,115-A E. Fremont Ave.,Sunnyvale,CA,37.35213493,-122.0322762
156,Comics Factory,1298 E. Colorado Blvd.,Pasadena,CA,34.1454481,-118.1235665
157,Comics Plus,1315 Center Ave.,Los Banos,CA,37.05608047,-120.8542205
158,Comics Plus,1024 N. H St.,Lompoc,CA,34.65383429,-120.4575715
159,Comics Toons and Toys,13542 Newport Ave.,Tustin,CA,33.74290563,-117.8171363
160,Comics Unlimited,16344 Beach Blvd.,Westminster,CA,33.75180868,-117.993251
161,Comics+,12353 Mariposa Rd.,Victorville,CA,34.4752596,-117.3404308
162,Comics+,955 S. E St. #B,San Bernardino,CA,34.0842665,-117.2929765
163,ComicSmash!,11824 Ventura Blvd.,Los Angeles (Studio City),CA,37.15999125,-121.9229363
164,Comix Experience,305 Divisadero St.,San Francisco,CA,37.772415,-122.4376077
165,Continental Comics,17032 Devonshire Ave.,Los Angeles (Northridge),CA,37.15999125,-121.9229363
166,Cop-A-Comic,613 W. Main St.,Merced,CA,37.3023888,-120.4850252
167,Corner Store Comics,980 E. Orangethorpe Ave. #A,Anaheim,CA,33.8590863,-117.9085702
168,Cosmic Slop Comics/Video,5 E. 16th St.,Antioch,CA,38.00646709,-121.8058732
169,Crush Comics,2869 Castro Valley Blvd.,Castro Valley,CA,37.6950439,-122.083012
170,Current Comics,1287 North Main Street #AA,Salinas,CA,36.7010248,-121.6531367
171,Cyberzone Toys & Sports Collectibles,23887 Sunnymead Blvd. #B,Moreno Valley,CA,33.93895025,-117.2459675
172,Darkstar Records & Books,3000 Mall View Road (East Hills Mall),Bakersfield,CA,35.35014666,-119.0312755
173,Dizko Entertainment,5527 Cahuenga Blvd.,Los Angeles (North Hollywood),CA,37.15999125,-121.9229363
174,DJ's Universal Comics,11038 Ventura Blvd.,Los Angeles (Studio City),CA,37.15999125,-121.9229363
175,Dr. Comics and Mr. Games,4014 Piedmont Ave.,Oakland,CA,37.8254405,-122.2532681
176,Dream World Comics,12400 W. Washington Blvd.,Los Angeles (Mar Vista),CA,37.15999125,-121.9229363
177,Earth-2 Comics,15017 Ventura Blvd.,Los Angeles (Sherman Oaks),CA,37.15999125,-121.9229363
178,Earth-2 Comics,8967 Reseda Blvd.,Los Angeles (Northridge),CA,37.15999125,-121.9229363
179,Empire's Comics Vault,2357 Arden Way,Sacramento,CA,38.59616261,-121.4078588
180,EndGame,921 Washington St.,Oakland,CA,37.80199,-122.2744738
181,Endless World Cards,515 Balboa St.,San Francisco,CA,37.77713768,-122.4641616
182,Falcon Comics & Collectibles,10176 Mason,Los Angeles (Chatsworth),CA,37.15999125,-121.9229363
183,Fantasy Books & Games,2247 1st St.,Livermore,CA,37.6816183,-121.7681499
184,Flipside,19950 Ventura Blvd.,Los Angeles (Woodland Hills),CA,37.15999125,-121.9229363
185,Flying Colors Comics & Other Cool Stuff,2980 Treat Blvd. (at Oak Grove Rd),Concord,CA,37.97214152,-122.001235
186,Friend's Junction,1974 East Main St.,Los Angeles (Ventura),CA,37.15999125,-121.9229363
187,Fun Stuff Cards Comic & Collectibles,422 W. Capitol Expressway,San Jose,CA,37.27454558,-121.847221
188,Funny Business,896 N. Garey Ave.,Pomona,CA,34.06665551,-117.7513865
189,Galaxy of Comics,17306 Sayicoy St.,Los Angeles (Van Nuys),CA,37.15999125,-121.9229363
190,Games and Cards,1716 Colorado Blvd.,Los Angeles (Eagle Rock),CA,37.15999125,-121.9229363
191,Games People Play,1119 Chorro St.,San Luis Obispo,CA,35.2793885,-120.6627548
192,Gaming Collection & Toys,1061 Lafayette St.,Santa Clara,CA,37.3508694,-121.9434445
193,Gateway City Comics,295 N. State St.,Ukiah,CA,39.15124112,-123.2078
194,Geeks,6747 Greenleaf Ave. #A,Whittier,CA,33.9806086,-118.0374162
195,Geoffrey's Comics,15900 Crenshaw Blvd. #B,Gardena,CA,33.88645925,-118.3264119
196,Glenn's Coins,9102 Firestone Blvd.,Downey,CA,33.93449424,-118.1218412
197,Golden Apple Comics,7018 Melrose Ave.,Los Angeles (Hollywood),CA,37.15999125,-121.9229363
198,Grapevine Comics and Cards,9299 Thornton Rd. #4,Stockton,CA,38.03468942,-121.3384217
199,Great Sports Pictures & Cards,1376 Broadway,Placerville,CA,38.73199739,-120.7806509
200,Green Apple Books & Music,506 Clement St.,San Francisco,CA,37.78302678,-122.4644992
201,Heroes,24 E. Campbell Ave.,Campbell,CA,37.2867518,-121.9491544
202,Heroes Comics,110 E.Shaw,Fresno,CA,36.809682,-119.787968
203,Heroes on Paper Comics and Games,3410 W. Hammer Lane #D,Stockton,CA,38.02047855,-121.360455
204,Hi De Ho Comics & Books with Pictures,525 Santa Monica Blvd.,Santa Monica,CA,34.0173436,-118.4941294
205,Hijinx Comics,2050 Lincoln Ave.,San Jose,CA,37.29351195,-121.8900674
206,Hobby Connection,6723 Greenleaf Ave.,Whittier,CA,33.98075196,-118.0374157
207,House of Armand,406 Mission Ave.,Oceanside,CA,33.1955207,-117.3803469
208,House of Secrets,1918 W. Olive Ave.,Burbank,CA,34.16559728,-118.3247073
209,Illusive Comics & Games,2725 El Camino Real #105,Santa Clara,CA,37.3528984,-121.9757242
210,Invincible Ink,630 Nordahl Rd. #K,San Marcos,CA,33.1328435,-117.1208645
211,Isotope: The Comic Book Lounge,326 Fell St.,San Francisco,CA,37.77614848,-122.4232889
212,J&R Sportscards,1465 Mangrove Ave.,Chico,CA,39.745038,-121.8407737
213,Japantown Collectables,6828 Fulton St.,San Francisco,CA,37.77184874,-122.5050696
214,Jeffrey's Toys,685 Market St.,San Francisco,CA,37.78764604,-122.4027588
215,Jimmy's USA All Collectible Show,12327 Whittier Blvd.,Whittier,CA,33.97518997,-118.0465333
216,JNJ Comic Books,117654 Edinger Ave.,Fountain Valley,CA,33.71044959,-117.9514087
217,Just Imagine,827 N. China Lake Blvd.,Ridgecrest,CA,35.63652748,-117.6699587
218,KC Kings,3875 Telegraph Rd. #L,Los Angeles (Ventura),CA,37.15999125,-121.9229363
219,Kings Comics & Cards,420 N. Glenoaks Blvd.,Burbank,CA,34.18552716,-118.3092854
220,Knightly Games,1560 Ocotillo Dr. #C,El Centro,CA,32.77668879,-115.5679761
221,Knockout Collectibles,5925 Entrada Ave.,Atascadero,CA,35.4898107,-120.6687063
222,Krier's Cards & Comics,3900 Pelandale Ave. #305,Modesto,CA,37.6994046,-121.0662605
223,"Lee's Comics, Inc.",2222 S. El Camino Real,San Mateo,CA,37.54611172,-122.3075942
224,"Lee's Comics, Inc.",1020 N. Rengstorff Ave. #F,Mountain View,CA,37.4199443,-122.0960776
225,Legends of the Game,233C W. Main Ave.,Morgan Hill,CA,37.12799038,-121.6589116
226,Mega Comics,2955 Cochran St.,Simi Valley,CA,34.2816111,-118.7391389
227,Melrose Music & Comics,7301 Melrose Ave.,Los Angeles (Fairfax District),CA,37.15999125,-121.9229363
228,Meltdown Comics & Collectables,7522 Sunset Blvd.,Los Angeles (Hollywood),CA,37.15999125,-121.9229363
229,Meltdown Comics & Collectables,1613 Colorado Blvd.,Los Angeles (Eagle Rock),CA,37.15999125,-121.9229363
230,Meltdown Comics & Collectables,3151 Los Feliz Blvd.,Los_Angeles (Atwater Village),CA,37.15999125,-121.9229363
231,Metro Entertainment,6 W. Anapamu St.,Santa Barbara,CA,34.4231204,-119.7050051
232,Metropolis Comics Bellflower,16509 Bellflower Blvd.,Bellflower,CA,33.88457942,-118.1253412
233,Metropolis Comix,8241 Bruceville Rd. #160,Sacramento,CA,38.4585039,-121.4156781
234,Michaels Comic Book Shop,1039 S. Ventura Rd.,Oxnard,CA,34.1908036,-119.1953895
235,Midnight Music,1215 Olive Dr. #E,Bakersfield,CA,35.41220294,-119.0435937
236,Morgan Hill Sports Cards,15685 Monterey Rd.,Morgan Hill,CA,37.10973914,-121.6389568
237,MVP Non-Sports Cards,12557 Townhill Ct.,Victorville,CA,34.4786306,-117.3838429
238,My Neighbor Totoro,10845 N. Wolfe Rd.,Cupertino,CA,37.3357399,-122.0153222
239,My Turn! Games,5970 Entrada Ave. #A,Atascadero,CA,35.4896696,-120.6693671
240,Neil's Cards & Comics,1112 N. Chestnut Ave.,Fresno,CA,36.7568499,-119.7360089
241,Neon Monster,901 Castro St.,San Francisco,CA,37.75438922,-122.4340651
242,Njoy Games & Comics,8415 Reseda Blvd. #4,Los Angeles (Northridge),CA,37.15999125,-121.9229363
243,Nuclear Comics and Skate Shop,28985 Golden Lantern #B107,Laguna Niguel,CA,33.54235274,-117.6912846
244,Orbit Comics & Anime,115 S. San Gabriel Blvd.,San Gabriel,CA,34.10312868,-118.0910733
245,Outer Planes Comics and Games,526 7th St.,Santa Rosa,CA,38.44209654,-122.7168353
246,Pair A Dice Games,2020 Hacienda Dr. #N,Vista,CA,33.18436578,-117.2863238
247,Paladins Game Castle,6300 White Ln. #B,Bakersfield,CA,35.3192139,-119.0728925
248,Penny Ranch,2503 Hwy. 32,Chico,CA,39.7420075,-121.8837255
249,Phoenix Books & Records,3850 24th St.,San Francisco,CA,37.75172725,-122.4285648
250,Press Boxx,3737 W. Caldwell Ave.,Visalia,CA,36.29827913,-119.3324881
251,Printed Matter Bookstore,107 S. H St.,Lompoc,CA,34.63882682,-120.4580588
252,Pulp Fiction,1742 Clark Ave.,Long Beach,CA,33.7890481,-118.1336013
253,Ralph's Comic Corner,2379 E. Main St.,Los Angeles (Ventura),CA,37.15999125,-121.9229363
254,Rising Sun Creations,1620 Camino de la Reina #D,San Diego,CA,32.77047384,-117.1483693
255,Ryan's Comics,25021 Madison Ave. #101,Murrieta,CA,33.5583215,-117.2026346
256,San Diego Comics & Collectibles,6937 El Cajon Blvd.,San Diego,CA,32.76857989,-117.04845
257,Santa Monica Sports Cards,1606 Santa Monica Blvd.,Santa Monica,CA,34.0256627,-118.4835948
258,Santa Rosa Stamps & Baseball,2790 Santa Rosa Ave.,Santa Rosa,CA,38.40915364,-122.7133913
259,Secret Headquarters,3817 W. Sunset Blvd.,Los Angeles (Silver Lake),CA,37.15999125,-121.9229363
260,Seth's Games and Anime,2379 E. Main St.,Los Angeles (Ventura),CA,37.15999125,-121.9229363
261,Sky High Comics,172 S. Rancho Santa Fe Rd.,San Marcos,CA,33.14684568,-117.2000364
262,Southern California Comics,8280 Clairemont Mesa Blvd. #124,San Diego,CA,32.8349692,-117.1462498
263,Spacecat Cards & Comics,414 N. Capitol Ave. (Capitol Square Mall),San Jose,CA,37.2968672,-121.8193058
264,Spacecat Cards & Comics,536 S. Bascom Ave.,San Jose,CA,37.32932423,-121.932812
265,Sports Cards Plus,1930 Howard Rd. #129,Madera,CA,36.9525859,-120.0820648
266,Stand-Up Comics,10020 San Pablo Ave.,El Cerrito,CA,37.901062,-122.3024832
267,Stars on Top,2002 Taraval St.,San Francisco,CA,37.74262082,-122.487507
268,Talkin Baseball,103 Town and Country Dr.,Danville,CA,37.81412782,-121.9986916
269,The Batcave,Whittier Blvd.,Whittier,CA,33.96785668,-118.0188036
270,The Book Juggler,182 S. Main St.,Willits,CA,39.41116904,-123.354596
271,The Collectors Cave,2072 Union St.,San Francisco,CA,37.79746325,-122.4332619
272,The Comic Bug,1807 1/2 Manhattan Beach Blvd.,Manhattan Beach,CA,33.88743631,-118.38064
273,The Comic Cellar,505 S. Myrtle Ave.,Monrovia,CA,34.1466915,-118.0012967
274,The Comic Cellar,135 W. Main St.,Alhambra,CA,34.09458024,-118.128305
275,The Comic Collector Shop,568 E. El Camino Real #A,Sunnyvale,CA,37.36271,-122.02711
276,The Comic Cult,12329 Imperial Hwy.,Norwalk,CA,33.91716295,-118.0699786
277,The Comic Shop,665 Bancroft Ave.,San Leandro,CA,37.7330776,-122.1509024
278,The Comic Vendor,1330 E. 223rd St. #508,Carson,CA,33.8234297,-118.2496499
279,The Comix Box,12571 Limonite Ave. #280,Mira Loma,CA,33.98278483,-117.5201761
280,The Escapist Comic Bookstore,3090 Claremont Ave,Berkeley,CA,37.8545204,-122.2486207
281,The Gaming Experience,3208 Stine Rd.,Bakersfield,CA,35.32588619,-119.0565813
282,"The Lions Den - Action Figures, Comics & Collectibles",1416 Clovis Ave. #206,Clovis,CA,36.81483857,-119.7003138
283,The Name of the Game of Camarillo,2510F Las Posas Rd.,Camarillo,CA,34.2367362,-119.0376746
284,The Realm Comics & Games,860 W. Imperial Hwy. #J/K,Brea,CA,33.9168767,-117.9114286
285,The Warhouse,630 W. Willow St.,Long Beach,CA,33.804105,-118.1999022
286,Third Planet Comics & Games,3631 Pacific Coast Hwy.,Torrance,CA,33.80426821,-118.3489043
287,Top CD & Comic,406 Barber Ln.,Milpitas,CA,37.41614609,-121.9144937
288,Trader J's Cards & Comics,7293 Village Pkwy.,Dublin,CA,37.71088614,-121.9272445
289,Treasure Island Comics,40819 Fremont Blvd.,Fremont,CA,37.5340044,-121.9624063
290,Triple Play Sports,31895 Mission Trail Rd.,Lake Elsinore,CA,33.65370788,-117.2969895
291,"Valley Sports Cards, Memorabilia, & Picture Framing",19640 Ventura Blvd.,Tarzana,CA,33.17748993,-99.21236985
292,Waterfront Comics,609 Main St.,Suisun City,CA,38.2388181,-122.0408623
293,Wonderland Comics,1407 N. Van Ness Ave.,Fresno,CA,36.7615442,-119.7991798
294,World's Best Comics and Toys,2608 Watt Ave.,Sacramento,CA,38.61263342,-121.3829829
295,Aamazing Fantasy Comics,6721 W. Ken Caryl Ave.,Littleton,CO,39.59115007,-105.0192534
296,All In A Dream,2901 E. Colfax Ave.,Denver,CO,39.7403976,-104.9534221
297,Atlantis Comics,10815 W. Jewell Ave. #J,Lakewood,CO,39.6822265,-105.1183082
298,Cabin Fever Comics,1450 Main St. #A,Longmont,CO,40.1847778,-105.102033
299,Collecting Unlimited,4298-A Kipling St.,Wheat Ridge,CO,39.77728243,-105.1095213
300,Collector Mania,17892 Cottonwood Dr.,Parker,CO,39.55786796,-104.7813785
301,Colorado Coins Cards & Comics,6695 Wadsworth Blvd # A-B,Arvada,CO,39.8180087,-105.082047
302,Ed's Cards & Comics,5857 Palmer Park Blvd.,Colorado Springs,CO,38.8672553,-104.760749
303,Enchanted Grounds,8800 S. Colorado Blvd.,Highlands Ranch,CO,39.55632791,-104.9418531
304,Escape Velocity,19 E. Bijou St.,Colorado Springs,CO,38.83665588,-104.8249297
305,Grand Slam Sports Cards and Comics,1730 W. Eisenhower Blvd.,Loveland,CO,40.4069636,-105.1023291
306,Gryphon Games and Comics,2020 S. College Ave. #B,Ft. Collins,CO,0.0,0.0
307,Halley's Comics,322 Walnut St.,Ft. Collins,CO,0.0,0.0
308,I Want More Comics,10355 N. Federal Blvd. #C,Westminster,CO,39.8839106,-105.0274581
309,Mile High Comics - Celebrity Store,760 S. Colorado Blvd.,Denver,CO,39.70253596,-104.9395172
310,Mile High Comics - Lakewood Store,98 Wadsworth Blvd.,Lakewood,CO,39.71699423,-105.0800375
311,Mile High Comics - Moulton's Comics and Collectibles,1360 W. Littleton Blvd.,Littleton,CO,39.61312888,-105.0037589
312,Outer Limits Comic Books,125 S. Union Ave.,Pueblo,CO,38.2647692,-104.6133804
313,Stonebridge Games,449 Main St.,Longmont,CO,40.1667228,-105.102907
314,Time Warp Comics,3105 28th St.,Boulder,CO,40.0308829,-105.2594484
315,Top 5 Comics,1938 N. 1st St. #7,Grand Junction,CO,39.0854509,-108.5700015
316,A Timeless Journey,2538 Summer St.,Stamford,CT,41.0683247,-73.5482774
317,AJ Coins & Collectibles,182 Campbell Ave.,West Haven,CT,41.2630823,-72.94685851
318,AJ's Comics,35 Lebanon Ave.,Colchester,CT,41.57704333,-72.33090194
319,Alternate Universe,1181 Chapel St.,New Haven,CT,41.30895861,-72.93365591
320,Alternate Universe,398 Bridgeport Ave.,Milford,CT,41.20483952,-73.09490205
321,Arkham Asylum,276 W. Main St.,Norwich,CT,41.52456831,-72.07351038
322,Buried Under Comics,188 W. Middle Turnpike,Manchester,CT,41.7822692,-72.531974
323,Cave Comics,57 Church Hill Rd.,Newtown,CT,41.41828622,-73.2889543
324,Clockwork Comics,512 Boston Post Rd.,Orange,CT,41.2542317,-73.0158633
325,Curt's Comics and Collectors Cave,85 School Ground Rd.,Branford,CT,41.3050561,-72.7709047
326,DJ's Comics & Cards,115 N. Plains Industrial Rd.,Wallingford,CT,41.48002204,-72.81946789
327,DJ's Sports Collectibles & Comics,1 Lincoln St.,North Haven,CT,41.3959119,-72.854927
328,Eye Opener,15 Center Ct.,Newington,CT,41.6983963,-72.7231261
329,First Base Sports Cards And Memoriabilia,38 Center St.,Wallingford,CT,41.456558,-72.8231213
330,Flagship Comics and Games,1049 Queen St.,Southington,CT,41.644991,-72.8733817
331,Gaming Etc.,555 Lordship Blvd. #E,Stratford,CT,41.1687403,-73.1500425
332,Grid Iron Comics & Cards II,52 Purnell St.,Manchester,CT,41.7706668,-72.5202876
333,Heroes & Hitters,1845 Silas Deane Hwy.,Rocky Hill,CT,41.6759189,-72.6502886
334,Heroes Comics & Cards,197 Westport Ave.,Norwalk,CT,41.1242843,-73.3990191
335,Ken's Cards and Collectibles,202 New Britain Rd.,Berlin,CT,41.6433129,-72.7705431
336,Legends of Superheros,1655 Straits Turnpike,Middlebury,CT,41.55388044,-73.09223862
337,Matt's Cards and Comics,4 East Main St.,Stafford Springs,CT,41.95414007,-72.30185601
338,Matt's Sportscards and Comics,169 Elm St.,Enfield,CT,41.99976721,-72.57198735
339,My Mother Threw Mine Away,453 Main Street.,Watertown,CT,41.6042096,-73.1169444
340,Omni Comics and Cards,732 Silas Deane Hwy.,Wethersfield,CT,41.7044538,-72.6605352
341,Omni Comics and Cards,854 Farmington Ave.,Bristol,CT,41.69312623,-72.9152283
342,Paperback Trader,1254 Storrs Rd.,Storrs,CT,41.80546041,-72.24452356
343,Reed Comics & Cards,16 Main St.,Durham,CT,41.46919273,-72.68004288
344,Richie's Comic Cabana,96 Store Ave.,Waterbury,CT,41.55164972,-73.01022363
345,Rogue Comics,3002 Fairfield Ave.,Bridgeport,CT,41.15603298,-73.2288243
346,Sarge's Comics,124 State St.,New London,CT,41.35442218,-72.09553126
347,Simsbury Cards & Comics,3 Turkey Hills Rd.,East Granby,CT,41.9429278,-72.7280726
348,Sportscards Etc.,12 Main St.,Colchester,CT,41.57497606,-72.33239638
349,The Bookie,155 Burnside Ave.,East Hartford,CT,41.7747744,-72.6328095
350,The Cardsmiths,230 Main St.,East Haven,CT,41.27749347,-72.87095831
351,Wonderland Comics,112 Main St. #15,Putnam,CT,41.91596341,-71.90972013
352,Beav's Comics,124 W. Main St.,Middletown,DE,39.4493769,-75.7197907
353,Between Books,2703 Philadelphia Pike,Claymont,DE,39.7954809,-75.468545
354,Captain Blue Hen Comics,280 E. Main St.,Newark,DE,39.6841057,-75.7418799
355,Days of Knights,173 E. Main St.,Newark,DE,39.683442,-75.7461007
356,End Zone Sportscards,1924 Bay Rd.,Milford,DE,38.9660357,-75.4315658
357,Superior Comics,20 Lebanon Rd.,Dover,DE,39.1172084,-75.5172559
358,The Comic Book Shop,1711 Marsh Rd.,Wilmington,DE,39.8011306,-75.5049114
359,7th Inning Stretch Sportscards & Comics,11941 Bostick St. #D,Dunnellon,FL,29.0497611,-82.4591373
360,A & M Comics & Books,6650 Bird Rd.,Miami,FL,25.7332006,-80.3022795
361,A Comic Shop,144 S. Semoran Blvd. #6,Winter Park,FL,28.59859594,-81.343631
362,A Comic Shop,114 S. Semoran Blvd.,Orlando,FL,28.5417358,-81.3117086
363,Absolute Comics & Collectibles,2551 W. S.R. 434,Longwood,FL,28.70145537,-81.34866852
364,Absolute Comics & Collectibles,1033 E. S.R. 434,Casselberry,FL,28.66157496,-81.32155802
365,Acme Comics Superstore,905 E. S.R. 434 #100,Longwood,FL,28.70145537,-81.34866852
366,Adventure Game Store,6831 Stirling Rd.,Davie,FL,26.04655465,-80.2370218
367,Adventures In Comics,1652 Providence Blvd. #A,Deltona,FL,28.903758,-81.2283855
368,All Books and Comics,1395 U.S. Hwy. 1 S. #G,St. Augustine,FL,29.87579162,-81.3239891
369,All Star Sportscards & Comics,4310 N.W. 23rd Ave.,Gainesville,FL,29.6744706,-82.3893052
370,Alter Ego's Comics / Comic Dojo,400 Madison Ave. #104,Orange Park,FL,30.1288188,-81.7909099
371,Andrew's Baseball Cards & Comic Books,3641 Tamiami Trail #B,Pt. Charlotte,FL,0.0,0.0
372,Animated Toys,479 Biltmore Way,Coral Gables,FL,25.74839195,-80.26458141
373,Anime & Comics,10794 S.W. 24th St.,Miami,FL,25.7457602,-80.3694139
374,Baseball Cards & Comics,4208 W. 16th Ave.,Hialeah,FL,25.85976778,-80.31475341
375,Baseball Dugout,1219 W. University Ave.,Gainesville,FL,29.651885,-82.3378149
376,Bases Loaded,563 Barton Blvd.,Rockledge,FL,28.3302264,-80.7360616
377,Bases Loaded Sports Cards,9300 S. Dixie Hwy. #103,Miami,FL,25.6844003,-80.3137973
378,Big Dog Comics & Collectables,4804 S. U.S. Hwy. 1,Ft. Pierce,FL,0.0,0.0
379,Book Exchange,807 Northlake Blvd.,North Palm Beach,FL,26.8084658,-80.0731821
380,Borderlands Comics & Games,10230 Atlantic Blvd. #11,Jacksonville,FL,30.3222702,-81.535456
381,CJ's Comics,3708 N.E. 12th Ave.,Oakland Park,FL,26.17328722,-80.13112493
382,Cloak & Dagger Comics,138 W. Granada Blvd.,Ormond Beach,FL,29.2834452,-81.0593438
383,Coliseum of ComicsÂ™ Downtown Lakeland,122 W. Main St.,Lakeland,FL,28.0437595,-81.9580452
384,Coliseum of ComicsÂ™ Fashion Square Mall,3201 E. Colonial Dr. M#17,Orlando,FL,28.5564821,-81.3422383
385,Coliseum of ComicsÂ™ Kissimmee,22 Broadway Ave.,Kissimmee,FL,28.29202325,-81.40755389
386,Coliseum of ComicsÂ™ Orlando,4722 S. Orange Blossom Trail,Orlando,FL,28.49358072,-81.39692491
387,Coliseum of ComicsÂ™ Seminole Towne Center,177 Towne Center Circle,Sanford,FL,28.8033473,-81.3387515
388,Collector's Attic,2910 Kery Forest Pkwy A-2,Tallahassee,FL,30.54206867,-84.22738455
389,Collector's Comics,2547 S. Federal Hwy. 1,Ft. Pierce,FL,0.0,0.0
390,Comic Books & Collectibles,17 W. Monument Ave.,Kissimmee,FL,28.29353874,-81.40640838
391,Comic Central,1425 WP Ball Blvd.,Sanford,FL,28.7996635,-81.3353974
392,Comic Connection,5328 Central Florida Pkwy.,Orlando,FL,28.4158857,-81.2987497
393,Comic World,1901 West Bay Dr. #9,Largo,FL,27.9166627,-82.80768027
394,Comics Direct,768 E. John Sims Pkwy.,Niceville,FL,30.5193043,-86.4793764
395,"Comics, Cards & Stuff",3435 Fowler St.,Ft. Myers,FL,0.0,0.0
396,Cool Comics & Games,231 Del Prado Blvd.,Cape Coral,FL,26.64683473,-81.94044847
397,"Cosmic Cat Comics, Games & Anime",507 W. Gaines St.,Tallahassee,FL,30.4353186,-84.28881341
398,Crossroad Comics & Games,4952 N. University Dr.,Lauderhill,FL,26.1873664,-80.25172921
399,Dark Side Comics and Games,501 N. Beneva Rd. #260,Sarasota,FL,27.3418075,-82.4980885
400,Demolition Comics,4049 S. Dale Mabry Hwy.,Tampa,FL,27.90507867,-82.50626992
401,Demolition Comics II,4149 W. Waters Ave.,Tampa,FL,28.02555872,-82.51157964
402,Demolition Comics III,2564 E. Fowler Ave.,Tampa,FL,28.05458651,-82.4316594
403,Demolition Comics IV,1404 Seminole Blvd.,Largo,FL,27.90346363,-82.78724889
404,Dick & Jane's Sportscards,1819 Dean Rd.,Jacksonville,FL,30.2892318,-81.5914104
405,Docking Bay 94,7710 N.W. 56th Way #100,Pompano Beach,FL,26.3267822,-80.2019042
406,Docking Bay 94,1823 N. Orange Ave.,Orlando,FL,28.5684376,-81.3725931
407,Double Play Collectibles,2160 Mariner Blvd.,Spring Hill,FL,28.46379251,-82.54086691
408,Dragon's Tale,1525 Atlantic Blvd.,Neptune Beach,FL,30.3235522,-81.4150891
409,Eaves Collectibles,4603 W. Jackson St.,Pensacola,FL,30.41756001,-87.27758817
410,Emerald City,2475 N. McMullen Booth Rd. #I,Clearwater,FL,28.01100322,-82.71085718
411,"Emerald City Comics & Collectables, Inc.",9249 Seminole Blvd.,Seminole,FL,27.85744725,-82.7869756
412,Eric's Baseball Cards,3776 S. Hopkins Ave.,Titusville,FL,28.5702549,-80.8035113
413,Family Book Shop,1301 N. Woodland Blvd.,DeLand,FL,29.0502404,-81.3038842
414,Family Comics & Cards,505 Park Ave. N. #207,Winter Park,FL,28.6013663,-81.3512965
415,Famous Faces & Funnies,3000 W. New Haven Ave.,West Melbourne,FL,28.0797718,-80.6715172
416,Florida Bookstore Volume II,2010 SW 34th St.,Gainesville,FL,29.6339282,-82.3727662
417,"Florida Super Comics, Games, Anime + More",5917 S. University Dr.,Davie,FL,26.04703044,-80.25317703
418,Fresh Comics,9805 N.W. 80th Ave.,Hialeah,FL,25.86799492,-80.3269197
419,Gateway Games,6840 Park Blvd.,Pinellas Park,FL,27.8388007,-82.7332862
420,Gotham City Limits,3733 Southside Blvd. #7,Jacksonville,FL,30.278842,-81.558444
421,Green Shift Music and Comics,5226 N. Nebraska Ave.,Tampa,FL,27.99497517,-82.45158028
422,GXE Games,8531 W. Mcnab Rd.,Tamarac,FL,26.2084497,-80.26769964
423,Here Be Dragons Bookshoppe,125 West Plant St.,Winter Garden,FL,28.5657408,-81.5869669
424,Heroes Landing,12348 Roper Blvd.,Clermont,FL,28.52467648,-81.73413574
425,Heroes' Haven,4339 Gunn Hwy.,Tampa,FL,27.96800236,-82.4763859
426,Hoyt's Cosmos of Comics,501 N.W. 23rd Ave.,Gainesville,FL,29.6736217,-82.3287221
427,Iggy's Baseball Cards,7795 W. Flagler St.,Miami,FL,25.7737435,-80.3224641
428,Independent Comics,503 NW 37th Ave.,Gainesville,FL,29.6864901,-82.3298081
429,Islander Cards & Comics,777 E. Merritt Island Causeway #301 (Merritt Square Mall),Merritt Island,FL,28.31464297,-80.67125925
430,Jax Card Singles,3142 Beach Blvd.,Jacksonville,FL,30.3041973,-81.6327499
431,Jerry's Bookshop,917 University Blvd. N.,Jacksonville,FL,30.3287843,-81.6020189
432,John's Cards & Comics,11170C S.E. Federal Hwy.,Hobe Sound,FL,27.07319151,-80.13923134
433,Just for Fun Cards & Comics,4925 Allen Rd.,Zephyrhills,FL,28.2292586,-82.2060988
434,Locker Room Sports Card & Comic Center,1901 Tamiami Trail S.,Venice,FL,27.062159,-82.4157967
435,Mac's Comics & Collectibles,2678 S.W. 87th Ave.,Miami,FL,25.77525637,-80.20885121
436,Money Haven,615 W. 11th St.,Panama City,FL,30.16781745,-85.66779798
437,New Force Comics,3000 S. Hwy. 77 - #233,Lynn Haven,FL,30.21859654,-85.64961067
438,Outland Station,7600 S.W. 117th Ave.,Miami,FL,25.6972086,-80.3827506
439,Past Present Future Comics,1387 N. Military Trail,West Palm Beach,FL,26.69683865,-80.11150583
440,Pete's Sports Cards,1900 Tamiami Trail,Pt. Charlotte,FL,0.0,0.0
441,Phil's Comic Shoppe,6512 W. Atlantic Blvd.,Margate,FL,26.23491182,-80.21219145
442,Pop City Comics,5628 International Dr.,Orlando,FL,28.4616145,-81.4572503
443,Pro Sports Shop,13878 S.W. 56th St.,Miami,FL,25.77525637,-80.20885121
444,Read More Comics,115 E. Brandon Blvd. #A,Brandon,FL,27.93765305,-82.28560114
445,Sci-Fi City,6006 E. Colonial Dr.,Orlando,FL,28.56006144,-81.30671733
446,Secret Headquarters,2218 N. Monroe St.,Tallahassee,FL,30.46950079,-84.28892344
447,Sun Coast Comics,5509 Roosevelt Blvd.,Jacksonville,FL,30.2473907,-81.6971578
448,Sunshine Roleplaying,7921 S.W. 40th St.,Miami,FL,25.7339758,-80.3240211
449,Tate's Comics + Toys + Videos & More,4566 N. University Dr.,Lauderhill,FL,26.18176846,-80.25162017
450,TBS Comics,6873 N. 9th Ave.,Pensacola,FL,30.49496776,-87.18981013
451,TBS Comics,550 Mary Esther Blvd. #3,Ft. Walton Beach,FL,0.0,0.0
452,The Book Exchange,807 Northlake Blvd.,Palm Beach Gardens,FL,26.84881821,-80.16469057
453,The Bookshelf,1303 S. Monroe St.,Tallahassee,FL,30.43139917,-84.28056872
454,The Comic Shack,5602 14th St. W.,Bradenton,FL,27.44134063,-82.57552123
455,"The Comics Club, Inc.",714 W. Lumsden Rd.,Brandon,FL,27.9233323,-82.29989542
456,The Fantasy Factory,4620 South Florida Ave. #105,Lakeland,FL,27.9812875,-81.9564889
457,The Wizard's Wall,747 S. Apollo Blvd.,Melbourne,FL,28.09733307,-80.61977785
458,Tom's Baseball Cards,3280 Tamiami Trail #39B,Pt. Charlotte,FL,0.0,0.0
459,Universe of Super-Heroes,2724 Park St.,Jacksonville,FL,30.3100238,-81.6943195
460,Villians,1788 N.E. 163rd St.,North Miami Beach,FL,25.92584035,-80.16420128
461,War Dogs Game Center,5800 Beach Blvd. #110,Jacksonville,FL,30.2923683,-81.6057796
462,What's the Score,3230 N.W. 7th St.,Miami,FL,25.7788338,-80.2482979
463,Wilson's Bookworld,2394 9th St. N.,St. Petersburg,FL,27.79385879,-82.64680173
464,Wonder Water IV,4341 66th ST. N.,Kenneth City,FL,27.81153246,-82.72848076
465,Wonder Water VI,13949-9 W. Hillsborough Ave.,Tampa,FL,28.0339895,-82.64775849
466,World of Comics,2133 S Ridgewood Ave.,Daytona Beach,FL,29.19768392,-81.08995843
467,Yancy Street Comics,9409 U.S. Hwy. 19,Port Richey,FL,28.2935006,-82.7125841
468,Zaldiva.com Comics & Collectibles,331 E Commercial Blvd.,Ft. Lauderdale,FL,0.0,0.0
469,Zap Boom Ka-Pow Comics & Games,7641 Pines Blvd.,Pembroke Pines,FL,26.00951873,-80.24065738
470,Big Top Hobby Shop,141 W. Hendry St.,Hinesville,GA,31.844411,-81.599652
471,Bizarro-Wuxtry,225 College Ave.,Athens,GA,33.9586877,-83.3758772
472,Blast To The Past Collectables,2354 Washington Rd.,Augusta,GA,33.4979351,-82.0118356
473,Book End,6041 Hwy. 42,Stockbridge,GA,33.56424842,-84.26134629
474,Bunjee's Comics,569 Jonesboro Rd.,McDonough,GA,33.44009687,-84.15030398
475,Bunjee's Comics,1414 Hwy. 16 W.,Griffin,GA,33.24723005,-84.28660329
476,Coastal Sportscards & Comics,6608 White Bluff Rd. #59,Savannah,GA,32.01516765,-81.11539119
477,"Comic Books, ETC!",1105 Parkside Lane # 1212,Woodstock,GA,34.1077187,-84.5531881
478,Comics and Cards Inc.,705 W. 3rd St. #B.,Tifton,GA,31.45276817,-83.52141172
479,Comics and Cards Inc.,2401 Dawson Rd. #W,Albany,GA,31.60808803,-84.20897463
480,Comics and More,137 E. Montgomery Crossroad,Savannah,GA,31.99787277,-81.12073647
481,"Comics, Games and Books The Augusta Book Exchange",592 Bobby Jones Expy.,Augusta,GA,33.36445616,-82.07083968
482,"Comics, Games and Books The Augusta Book Exchange",1650 Gordon Hwy.,Augusta,GA,33.4386561,-82.0209722
483,Criminal Records,1154-A Euclid Ave.,Atlanta,GA,33.7650625,-84.34979229
484,Dave's Comics,107 Rainbow Way,Fayetteville,GA,33.50640478,-84.42878072
485,"Dr. No's Comics, Games, & Books",3428 Canton Rd.,Marietta,GA,33.9535613,-84.5424631
486,Drake's Comics,2785 Buford Hwy. #102B,Duluth,GA,34.0075152,-84.1341067
487,Fantasy Factory,257 N. Hamilton St.,Dalton,GA,34.7737209,-84.967979
488,Full Circle Toys,17 Jefferson St.,Newnan,GA,33.3760514,-84.7991238
489,Galactic Comics & Games,25 Siebald St.,Statesboro,GA,32.44958291,-81.78259317
490,Galactic Quest,481 W. Pike St.,Lawrenceville,GA,33.9617271,-84.005326
491,Galactic Quest,4264 Sudderth Rd. #C,Buford,GA,34.0921426,-84.0108246
492,Game Corner,1411 A Hogansville Rd.,La Grange,GA,33.05646178,-84.99554324
493,Great Escape Comics & Games,1050 E. Piedmont Rd.,Marietta,GA,34.0205795,-84.52071226
494,Heroes and Villains,1245 Russell Pkwy.,Warner Robins,GA,32.5970961,-83.653936
495,"Heroes Cards, Comics & Games",211-A Bullsboro Dr.,Newnan,GA,33.38728359,-84.7782273
496,Heroes Ink Comics and Games,2500 Cobb Pkwy. N.W. #A-3,Kennesaw,GA,34.02554801,-84.61742735
497,Hobbytown USA,840 Ernest Barrett Pkwy. #650,Kennesaw,GA,34.02554801,-84.61742735
498,Home Delights & Collectibles,118 E. College Ave.,Ashburn,GA,31.70712134,-83.6538189
499,Home Run Video and Comics,4 E. Liberty St.,Savannah,GA,32.07480668,-81.09350038
500,J & J's Sports Section,2427 E. Main St.,Snellville,GA,33.85537022,-84.01021063
501,Legends,317 Broad St.,Rome,GA,34.25400978,-85.17276884
502,Odin's Cosmic Bookshelf,2100 Fountain Square #C,Snellville,GA,33.85622934,-84.03530441
503,Odin's Cosmic Bookshelf,937 Killian Hill Rd.,Lilburn,GA,33.8685167,-84.0956897
504,Outer Limit Comics,100 N. Houston Lake Blvd. #I,Centerville,GA,32.6200437,-83.68362663
505,Oxford Comics,2855 Piedmont Rd.,Atlanta,GA,33.8328091,-84.3676912
506,Planet Groove,304 Mary St.,Waycross,GA,31.21043238,-82.35810365
507,Plycon's Keep,5857 Bemiss Rd.,Valdosta,GA,30.84940853,-83.27924556
508,Quest Comic Shop,225 Lovvorn Rd.,Carrollton,GA,33.57838339,-85.08778819
509,Rustin's Coin Stamps & Comics,4702 Buena Vista Rd.,Columbus,GA,32.46691053,-84.91436264
510,St. Marys Sports Cards & Metropolis Comics & Collectibles,125 127 City Smitty Dr.,St. Marys,GA,30.75682945,-81.57211274
511,Steve's Comic Book Shop,132 Bull St.,La Grange,GA,33.03781346,-85.0321273
512,Super Games Inc.,289 S. Main St. #202,Alpharetta,GA,34.0688841,-84.3030023
513,Teahouse Comics,5920 Roswell Rd. #B-107,Sandy Springs,GA,33.9159297,-84.3816272
514,The Book Nook,3073 N. Druid Hills Rd.,Atlanta,GA,33.76265247,-84.4231419
515,The Columbus Book Exchange,6440 W. Hamilton Park Dr.,Columbus,GA,32.53630885,-84.95767226
516,The Dragon's Horde,5615 Memorial Dr. #E,Stone Mountain,GA,33.7994564,-84.2090561
517,Titan Games & Comics,1105 Parkside Ln. #1212,Woodstock,GA,34.1077187,-84.5531881
518,Titan Games & Comics,2585 Spring Rd. #C,Smyrna,GA,33.88359687,-84.47602115
519,Titan Games & Comics,2103 Pleasant Hill Rd.,Duluth,GA,34.00568357,-84.14911121
520,Tyche's Games,1056 S. Lumpkin St.,Athens,GA,33.9466777,-83.3786653
521,Venture Sports,3750 Venture Dr.,Duluth,GA,33.951813,-84.1339552
522,Wajawant Comics Plus,2502 Osborne Rd.,St. Marys,GA,30.75682945,-81.57211274
523,Collector Maniacs,3571 Waialae Ave. #102A,Honolulu,HI,21.2827573,-157.799647
524,Da Planet,2615 S. King St. #312,Honolulu,HI,21.2913612,-157.8216947
525,Da Planet,111 E. Puainako St. #780,Hilo,HI,19.69513465,-155.0668578
526,Gecko Books & Comics,1151 12th Ave.,Honolulu,HI,21.2822899,-157.7987946
527,Hawaii Collector's Gallery,1056 12th Ave. #201,Honolulu,HI,21.2809785,-157.7999998
528,Jelly's Honolulu,670 Auahi St. #I-19,Honolulu,HI,21.2990757,-157.8603341
529,Jelly's The Original,98-023 Hekaha St. #11,Aiea,HI,21.38646733,-157.9231824
530,Nik'Lbag Comics,4347 Rice St. #120,Lihue,HI,21.97384077,-159.3669221
531,Other Realms,1050 Auahi St.,Honolulu,HI,21.29431219,-157.8541181
532,Snacks-R-Us,436 N. Kuakini,Honolulu,HI,21.3235165,-157.8572355
533,"Captain Comics, Inc.",710 Vista Ave.,Boise,ID,43.5978733,-116.2133359
534,Comic Book Co.,7011 Fairview Ave.,Boise,ID,43.6190025,-116.2691637
535,Dreams Alive,114 N. 3rd St.,McCall,ID,44.89853053,-116.096948
536,Dugout Sportscards... and more,112.5 12th Ave S.,Nampa,ID,43.57808876,-116.5605476
537,Idaho Sports Cards,3200 Overland Rd.,Boise,ID,43.5899588,-116.2214173
538,Jerry's Rookie Shop,3021 W. State St.,Boise,ID,43.6331508,-116.2254564
539,Magic Dragon Games,4610 West State St.,Boise,ID,43.6483348,-116.2458489
540,Outland Comics,2095 E. 17th St.,Idaho Falls,ID,43.48240085,-111.9918848
541,Safari Pearl,221 E. 3rd St.,Moscow,ID,46.73229298,-116.9989096
542,Acme Books & Comics,2218 W. Glen Ave.,Peoria,IL,40.7467302,-89.6275918
543,Acme Comics,115 W. North St.,Normal,IL,40.5092704,-88.9852582
544,Al n' Ann's Collectables,3819 W. Main St.,McHenry,IL,42.343152,-88.2736552
545,Alien Entertainment Store,543 E. Roosevelt Rd.,Lombard,IL,41.87328067,-88.01602738
546,All American Comics Shops,3576 W. 95th St.,Evergreen Park,IL,41.7208939,-87.7113511
547,All-Star Sports Cards,2132 E. Grand Ave.,Lindenhurst,IL,42.408441,-88.0293899
548,"Alternate Reality, Inc.",3149 W. 111th St.,Chicago,IL,41.6913734,-87.7003128
549,Amazing Fantasy Books & Comics,15948 S. Harlem Ave.,Tinley Park,IL,41.60116783,-87.79421315
550,Amazing Fantasy Books & Comics,1211 E. 9th St.,Lockport,IL,41.5969026,-88.0321224
551,Amazing Fantasy Books & Comics,20523 S. La Grange Rd.,Frankfort,IL,41.51802781,-87.84830335
552,Amazing Fantasy Books & Comics,582 Torrence Ave.,Calumet City,IL,41.61956872,-87.55921751
553,"Archie's, Inc.",5516 W. Devon Ave.,Chicago,IL,41.9975264,-87.7666228
554,"Atlas Comics, Inc.",4735 N. Cumberland Ave.,Norridge,IL,41.9656658,-87.83661098
555,AU Sports Memorabilia,5129 Dempster St.,Skokie,IL,42.0406222,-87.7555711
556,Baseball Cards Plus,2033 W. Addison St.,Chicago,IL,41.9466077,-87.67992
557,BC Collectibles,2917 N. Vermilion,Danville,IL,40.17038503,-87.63057912
558,Beavers Cards & Comics,3023 Kennedy Dr.,East Moline,IL,41.501861,-90.45602033
559,Beyond Tomorrow Science Comics,327 N. Northwest Hwy.,Palatine,IL,42.1174812,-88.0332834
560,Book Exchange,108 E. Jefferson,Marion,IL,37.73230891,-88.92674472
561,"Brainstorm Movies, Comics & Gaming",1648 W. North Ave.,Chicago,IL,41.9108746,-87.6696256
562,Brown's Baseball Cards,156 Ruehl St.,Forsyth,IL,39.9326181,-88.954972
563,Calliope?s Realm Comics,133 S Washington St. (inside of A-1 Antiques),Naperville,IL,41.7731179,-88.1480903
564,Campus Comics,821 S. Illinois Ave.,Carbondale,IL,37.75943969,-89.22059059
565,Capital Comics and Games,1135 W. Wood St. #4,Decatur,IL,39.8398814,-88.973358
566,Carson Pirie Scott-Trading Card Shop,1 S. State St. - 5th Floor,Chicago,IL,41.8818812,-87.6274565
567,Castle Perilous Games and Books,207 W. Main St.,Carbondale,IL,37.72700382,-89.21848303
568,Challengers Comics & Conversation,1845 N Western Ave.,Chicago,IL,41.91475722,-87.68724642
569,Chicago Comics,3244 N. Clark St.,Chicago,IL,41.9409573,-87.6519456
570,Chicago Sports Cards Shack,7050 W. Higgins Ave.,Chicago,IL,41.9807729,-87.804123
571,Cipher Games and Comics,87 Executive Dr.,Aurora,IL,41.7553591,-88.2166734
572,Clyde's Comics & Fantasy Shop,1528 Broadway,Rockford,IL,42.25250656,-89.0726757
573,Coin Shop,4900 N. Lincoln Ave.,Chicago,IL,41.970917,-87.6902859
574,Collect-A-Card & Comics,6810 W. Archer Ave.,Chicago,IL,41.7924372,-87.7920579
575,Collectors Corner,3212 N. Illinois St.,Belleville,IL,38.550222,-89.9837207
576,Comic Connections,18 W. Washington St.,Oswego,IL,41.6833928,-88.3521879
577,Comic Etc.,3314 W. Bryn Mawr Ave.,Chicago,IL,41.9832994,-87.7119789
578,Comic Outlet,323 W. Broadway St.,Bradley,IL,41.1427353,-87.865295
579,Comic Service,1000 Stanford Ave.,Springfield,IL,39.76674105,-89.64198882
580,Comix Revolution,115 W. Central Rd.,Mt. Prospect,IL,0.0,0.0
581,Comix Revolution,606 Davis St.,Evanston,IL,42.0462171,-87.6803542
582,Court Street Cards,307 W. Court St.,Kankakee,IL,41.1210974,-87.8690833
583,Danville Book World & Comic Shop,1501 N. Bowman Ave.,Danville,IL,40.14951587,-87.60863088
584,Dark Tower Comics,4835 N Western Ave.,Chicago,IL,41.9695433,-87.6886464
585,Dreamland Comics,1451 W. Schaumburg Rd.,Schaumburg,IL,42.0253612,-88.1160013
586,Dreamland Comics,105 W. Rockland Rd.,Libertyville,IL,42.2776113,-87.9526823
587,Elite Sportscards,2028 W. Montrose Ave.,Chicago,IL,41.9616247,-87.6801838
588,Evil Squirrel Comics,6928 N. Glenwood Ave.,Chicago,IL,42.00753795,-87.66625407
589,Fantasy Books,1937 W. Hwy. 50,Fairview Heights,IL,38.5921746,-89.9635296
590,Fantasy Books Inc.,1113 E. Main St.,Belleville,IL,38.51397093,-89.96949852
591,Fantasy Games,500 Southview Plaza #29,O'Fallon,IL,38.5836328,-89.9095646
592,Fielders Choice,400 W. Main St.,West Frankfort,IL,37.89784194,-88.93299941
593,Frugal Muse,7511 Lemont Rd.,Darien,IL,41.7484651,-88.0122025
594,G-Mart Comic Books,44 E. Main St. #103,Champaign,IL,40.1175265,-88.2415795
595,Galaxy Comics,3804 N. Western Ave.,Chicago,IL,41.9505715,-87.6886296
596,Galaxy of Books,1908 Sheridan Rd.,Zion,IL,42.46012806,-87.82516373
597,Game-opolis,3242 Ridge Rd.,Lansing,IL,41.56483642,-87.53788058
598,Gamer's Realm,345 Park Ave. #4,Antioch,IL,42.4773461,-88.0948882
599,Games Plus,101 W. Prospect Ave.,Mt. Prospect,IL,0.0,0.0
600,Gem Comics,125 W. 1st St.,Elmhurst,IL,41.89993706,-87.94039388
601,"Got Comics, Inc.",330 E. Army Trail Rd.,Glendale Heights,IL,41.91945622,-88.07831091
602,Graf Baseball Card Co.,5754 N. Milwaukee Ave.,Chicago,IL,41.9859759,-87.7776192
603,Graham Crackers Comics,1207 E. Butterfield Rd.,Wheaton,IL,41.82953087,-88.08829405
604,Graham Crackers Comics,610 S. Randall Rd.,St. Charles,IL,41.90366911,-88.33982404
605,Graham Crackers Comics,16030 S. Lincoln Hwy.,Plainfield,IL,41.5910866,-88.1847515
606,Graham Crackers Comics,1271 Rickert Dr. #135,Naperville,IL,41.7484046,-88.170539
607,Graham Crackers Comics,1550 Ogden Ave.,Downers Grove,IL,41.80829339,-88.02357918
608,Graham Crackers Comics,901C Lucinda Ave.,DeKalb,IL,41.93645208,-88.77068897
609,Graham Crackers Comics,2562 N. Clark St.,Chicago,IL,41.9292877,-87.6429969
610,Graham Crackers Comics,77 E. Madison St.,Chicago,IL,41.8819231,-87.6248589
611,Gryfalia's Aerie,309 N. Main St.,Bloomington,IL,40.4808268,-88.9932281
612,Have Fun Collectibles,4327 Avenue of the Cities,Moline,IL,41.48231059,-90.49198381
613,Heroic Adventures,2131 S. State Route 157,Edwardsville,IL,38.77732554,-89.98634551
614,Hometown Comics & Games,110 E. Vandalia St.,Edwardsville,IL,38.81404257,-89.94731386
615,J & J Coins & Baseball Cards,....,Carterville,IL,37.762724,-89.0838489
616,Journey Comics,210 N. Lafayette St.,Macomb,IL,40.4601673,-90.6718443
617,"Keith's Komix, Inc.",528 S. Roselle Rd.,Schaumburg,IL,42.017568,-88.081844
618,Ken's Koins & Kards,123 S. Kennedy Dr.,Bradley,IL,41.14344067,-87.87627423
619,Kyle's Baseball Cards & Comics,3801 Nameoki Rd.,Granite City,IL,38.72901603,-90.12372442
620,"Liberty Stamp Shop, Inc.",140 S. Dearborn St.,Chicago,IL,41.8796695,-87.6299516
621,LMC Collectibles,9022 S. Commercial Ave.,Chicago,IL,41.7311295,-87.5516914
622,Magic Dragon Entertainment,1401 Broadway St.,Mt. Vernon,IL,0.0,0.0
623,Main Street Music,114 N. Main St.,Waterloo,IL,38.33660198,-90.15041861
624,Marman Comics,2423 Washington St.,Waukegan,IL,42.3593252,-87.8635772
625,Mellow Blue Planet,2905 19th St.,Silvis,IL,41.4976652,-90.41086385
626,Metropolis Comics,617 2nd St.,La Salle,IL,41.32920964,-89.09674849
627,Midgard Comics,102 W. Lincoln Ave. #2,Charleston,IL,39.48425876,-88.18295777
628,Midwest Comics & Games,1849 Broadway,Quincy,IL,39.9358325,-91.38489
629,MLB Memories,5411 E. State St.,Rockford,IL,42.2641902,-89.0112478
630,North Loop Comics,226 S Wabash Ave.,Chicago,IL,41.8787304,-87.6266001
631,North Shore Comics,3155.5 Dundee Rd.,Northbrook,IL,42.13825531,-87.85720719
632,One Stop Comics,111 S. Ridgeland Ave.,Oak Park,IL,41.8865192,-87.7848599
633,Other Realm,506 E. Green St.,Champaign,IL,40.1104114,-88.231723
634,Overload Comics and Collectibles,37 Asbury Ln.,Cary,IL,42.20935635,-88.25788276
635,"Pastimes Sports Cards, Comics & Games",8478 Golf Rd.,Niles,IL,42.0550465,-87.8352548
636,Prairie Archives,522 E. Adams St.,Springfield,IL,39.7639077,-89.6708323
637,Primetime Sportscards & Collectibles,3398 Sheridan Rd.,Zion,IL,42.43336983,-87.82572896
638,Quimby's,1854 W. North Ave.,Chicago,IL,41.9107326,-87.6747842
639,Reader's World,1830 Stevenson Dr.,Springfield,IL,39.75758013,-89.62873236
640,Record Dugout Records & Comics,6055 W. 63rd St.,Chicago,IL,41.7775838,-87.7735805
641,Robin's Nest,3925 E. State St. #200,Rockford,IL,42.26558357,-89.03674527
642,Sleeping Dragon Games,3713 W. 216th St.,Matteson,IL,41.49741666,-87.70577585
643,Something Wicked,816 Church St.,Evanston,IL,42.0483055,-87.6828481
644,Tenth Planet,9513 S. Cicero Ave.,Oak Lawn,IL,41.7193746,-87.7389515
645,The Comic Vault,1530 W. Montrose Ave.,Chicago,IL,41.9617709,-87.6688086
646,The Comix Gallery,405 Linden Ave.,Wilmette,IL,42.0736668,-87.69203623
647,The End Zone,1622 Broadway Ave.,Mattoon,IL,39.48271433,-88.37417055
648,The Game Escape,230 W. Virginia St. #450,Crystal Lake,IL,42.2325535,-88.3353312
649,The House of Monsters,1579 N. Milwaukee Ave.,Chicago,IL,41.9102361,-87.6767875
650,The Newsstand,801 N. Water St.,Decatur,IL,39.8488191,-88.954861
651,The Tenth Planet,22113 Governors Hwy.,Richton Park,IL,41.48451572,-87.71284901
652,The Treasure House Comic Store,703 Audubon Dr. #7,Pekin,IL,40.55907416,-89.61897372
653,The Zone,206 N. Main St.,Creve Coeur,IL,40.64607024,-89.59932142
654,Third Coast Comics,6234 N. Broadway,Chicago,IL,41.9956194,-87.6608524
655,Tim's Corner,2963 14th Ave.,Rock Island,IL,41.49773642,-90.55771618
656,Toad Hall Books,2106 Broadway,Rockford,IL,42.25257235,-89.06299978
657,Tom Ryan's Rare Coins & Stamps,999 S. Elmhurst Rd.,Mt. Prospect,IL,0.0,0.0
658,Tomorrow is Yesterday,5600 N. 2nd St.,Rockford,IL,42.3124696,-89.0581519
659,Twilight Comics,3760 Green Mount Crossing Dr.,Shiloh,IL,38.57138289,-89.92461028
660,Unicorn Comics & Cards,216 S. Villa Ave.,Villa Park,IL,41.8946858,-87.9694395
661,Unique Gifts and Games,82 Center St.,Grayslake,IL,42.3445449,-88.0424718
662,Variety Comic Book Store,4602 N. Western Ave.,Chicago,IL,41.9650156,-87.6890264
663,Vision Comics,1619 W. Main St.,Robinson,IL,39.00552303,-87.75987828
664,Way Cool Comics,811 E. Nerge Rd.,Roselle,IL,41.99872188,-88.05941629
665,"Westlake Cards Comics & Coins, Inc.",258 E. Army Trail Rd.,Glendale Heights,IL,41.91945622,-88.07831091
666,Zeke's Baseball Cards & Collectibles,4268 W. Irving Park Rd.,Chicago,IL,41.95365647,-87.73490388
667,Academic Scholarly Books,105 Pete Ellis Dr. #A,Bloomington,IN,39.16684587,-86.49482981
668,Alter Ego Comics,422 E. McGalliard,Muncie,IN,40.21909906,-85.38279343
669,Atomic Hobbies And Games,1010 W. Coliseum Blvd.,Ft. Wayne,IN,0.0,0.0
670,B & R Hobbies And Comics,9014 Crawfordsville Rd.,Indianapolis,IN,39.77710046,-86.14634767
671,B. E. Comics and Kards,130 W. Van Buren St.,Columbia City,IN,41.15711532,-85.48883162
672,Ballcards Unlimited,10 S. Range Line Rd.,Carmel,IN,39.97831464,-86.12714523
673,Blue Moon Comics,201/2 S. 16th St.,Lafayette,IN,40.39922902,-86.8598496
674,Bob's Comic Castle,2150 W. White River Blvd.,Muncie,IN,40.18732165,-85.4103683
675,"Book World, Inc.",2206 E. 10th St.,Anderson,IN,40.1058549,-85.65233855
676,Books Comics & Things,5936 W. Jefferson Blvd.,Ft. Wayne,IN,0.0,0.0
677,Books Comics & Things,2212 Maplecrest Rd.,Ft. Wayne,IN,0.0,0.0
678,Buy Me Toys.com,6327A University Commons,South Bend,IN,41.67725366,-86.26911678
679,Castle Comics & Cards,2133 S. 4th St.,Lafayette,IN,40.39650372,-86.89519516
680,Cheap Seats Sports Cards,1504 119th St.,Whiting,IN,41.67931614,-87.4928231
681,Chimps Comix,919 E. Winona Ave. #5,Warsaw,IN,41.23547967,-85.84416858
682,Clem's Collectibles,4130 W. Jefferson Blvd. (Jefferson Pointe Mall),Ft. Wayne,IN,0.0,0.0
683,Collector's World,424 E 14th St.,Anderson,IN,40.10226297,-85.67392319
684,Collectors Friend,8775 E. 116th St.,Fishers,IN,39.95670494,-86.01442284
685,Collectors Paradise,8949 E. Washington St.,Indianapolis,IN,39.77312753,-86.01157859
686,Comic Carnival,3837 N. High School Rd.,Indianapolis,IN,39.82457872,-86.27022424
687,Comic Carnival,7311 U.S. Hwy. 31 S.,Indianapolis,IN,39.66072196,-86.14467928
688,Comic Carnival,5845 Sunnyside Rd.,Indianapolis,IN,39.86159032,-85.97088071
689,Comic Carnival,7225 N. Keystone Ave.,Indianapolis,IN,39.88578079,-86.12197654
690,Comic Cave,3221 17th St.,Columbus,IN,39.21652879,-85.88516773
691,Comic Quest,2260 Morgan Ave.,Evansville,IN,37.99170336,-87.52259915
692,Comics Unlimited,654-B E. Diamond Ave.,Evansville,IN,37.99955917,-87.55300335
693,Consignment Collectibles,7624 S. Meridian St.,Indianapolis,IN,39.65538371,-86.15850682
694,Coruscant Comics & Gaming,2053 W. 45th Ave.,Griffith,IN,41.52784737,-87.42399166
695,Creative Comics,216 E. Main St.,Griffith,IN,41.52286418,-87.42541066
696,Danger Room Entertainment,2213 S. Scatterfield Rd.,Anderson,IN,40.09483634,-85.65276459
697,Dee Puppy Comics,4435 N. Franklin Rd.,Indianapolis,IN,39.83827121,-86.02675918
698,Downtown Comics,11 East Market St.,Indianapolis,IN,39.76841619,-86.15726075
699,Downtown Comics,8925 S. Meridian St.,Indianapolis,IN,39.91726971,-86.15623059
700,Downtown Comics,8336 W. 10th St.,Indianapolis,IN,39.77902263,-86.30856865
701,Downtown Comics,5767 E. 86th St.,Indianapolis,IN,39.91232594,-86.0699377
702,Empire Comics,1636 Slate Run Rd.,New Albany,IN,38.32084382,-85.80108295
703,Fantasy Games,52025 State Route 933,South Bend,IN,41.67725366,-86.26911678
704,Farrers Ballcards,48 E. Washington St.,Shelbyville,IN,39.52379937,-85.76130641
705,Galactic Greg's,1407 E. Lincolnway,Valparaiso,IN,41.46778599,-87.04388365
706,Jim's Collectibles and Baseball Cards,1243 Lafayette Ave.,Terre Haute,IN,39.49087846,-87.39924782
707,Jim's Sports Cards and Gaming,7102 S. Kentucky Ave. #E,Camby,IN,32.97322474,-94.97847696
708,King Kards,2109 Roosevelt Rd.,Valparaiso,IN,41.48689732,-87.04662332
709,Kokomo Comics & Baseball Cards,1202 S. 17th St.,Kokomo,IN,40.47365022,-86.1107714
710,Lightspeed Hobbies,5884 U.S. Hwy. 6,Portage,IN,41.55059334,-87.18685293
711,MCS Cards Comics & Gaming,107 1/2 W. Wabash St.,Bluffton,IN,40.74095116,-85.17152339
712,New Concept Book Store,3001 S. 7th St. #61 (Southland Shopping Center),Terre Haute,IN,39.43375792,-87.40691252
713,PC Guru and Comics,223 S. Pete Ellis Dr.,Bloomington,IN,39.16524808,-86.49482965
714,Reader Copies,2135 N. Scatterfield Rd.,Anderson,IN,40.0955433,-85.65277474
715,Squeeze Play,....,Anderson,IN,40.08949108,-85.68939741
716,The Android's Dungeon,1324 K St. #20,Bedford,IN,38.86408241,-86.48558809
717,The Book Broker,2717 Covert Ave.,Evansville,IN,37.95503164,-87.51595489
718,The Hero House,1112 Prospect St.,Indianapolis,IN,39.75242152,-86.13942956
719,The Tenth Planet,230 W. Lincoln Hwy.,Schererville,IN,41.48417541,-87.44528209
720,The Umpire's Choice,215 W. Chicago St.,Lebanon,IN,40.05183476,-86.4700713
721,Vintage Phoenix Comic Books,114 E. 6th St.,Bloomington,IN,39.16745966,-86.53342076
722,Von's Comics,311 W. State St.,West Lafayette,IN,40.42386241,-86.90838413
723,White Rabbit Books,1604 W. University Ave.,Muncie,IN,40.19772259,-85.40451973
724,2nd Act Comics & Games,109 E. Main St.,Ottumwa,IA,41.01725822,-92.41168928
725,"A-List Comics, Cards, Cool Stuff",512 Grand Ave.,Spencer,IA,43.14251733,-95.14468131
726,Acme Comics & Collectibles,1622 Pierce St.,Sioux City,IA,42.50734792,-96.40497698
727,Alter Ego Comics,331 7th Ave.,Marion,IA,42.0329794,-91.6074045
728,Awesm1 Comics & More,320 Hawkeye St.,Burlington,IA,40.8121222,-91.1099187
729,Comic City,1720 N. 16th St.,Council Bluffs,IA,41.28085053,-95.86752864
730,Comic World & Things,2255 John F. Kennedy Rd.,Dubuque,IA,42.511536,-90.7213521
731,CR Collectibles,529 5th Ave. S.E.,Cedar Rapids,IA,41.96678846,-91.67818981
732,Cup O Kryptonite,4521 Fleur Dr.,Des Moines,IA,41.5434976,-93.6436227
733,Daydream Comics,21 S Dubuque St.,Iowa City,IA,41.6605433,-91.5334144
734,Hobby Corner,1700 S. 1st Ave.,Iowa City,IA,41.6420213,-91.5047799
735,Jay's CD & Hobby,3315 S.E. 14th St .,Des Moines,IA,41.55439027,-93.63524402
736,Kanesville Kollectibles,530 S. 4th St.,Council Bluffs,IA,41.2558296,-95.8501336
737,Limited Edition Comics,2225 College St.,Cedar Falls,IA,42.51753085,-92.45584004
738,Main Street Sportscards,328.5 Main St. #202,Ames,IA,42.02502263,-93.61419926
739,"Mayhem Collectibles, Inc.",7500 University Ave. #D,Des Moines,IA,41.57414548,-93.61651446
740,"Mayhem Collectibles, Inc.",2532 E. Lincoln Way,Ames,IA,42.0225388,-93.6512243
741,Midwest Collectibles,3504 Hickory Grove Rd.,Davenport,IA,41.55506351,-90.62806016
742,Oak Leaf Collectibles,21 5th St. S.W.,Mason City,IA,43.14872011,-93.19980744
743,The Core,1926 Valley Park Dr.,Cedar Falls,IA,42.52097075,-92.43645682
744,31st Century Games & Hobbies,2113 E. 151st St. #B,Olathe,KS,38.8538867,-94.78106
745,Agents Comics and Games,924 W. Douglas Ave.,Wichita,KS,37.684288,-97.3514454
746,Astrokitty Comics & More,15 E. 7th St.,Lawrence,KS,38.9711093,-95.2350068
747,Asylum Comics & Anime,812 N. Broadway St.,Pittsburg,KS,37.41592842,-94.70472564
748,B-Bop Comics South,5336 W. 95th St.,Overland Park,KS,38.88729225,-94.6872267
749,City Of Games,120 W. 5th Ave.,Arkansas City,KS,37.0614155,-97.0399892
750,Dreamcatcher,1016 N. Washington St.,Junction City,KS,39.0330792,-96.8300847
751,Elite Comics,11828 Quivera Rd.,Overland Park,KS,38.91401198,-94.72379118
752,Gatekeeper Hobbies,4123 S.W. Gage Center Dr. #100,Topeka,KS,39.04359608,-95.72599327
753,Kat's Kloset,113 N. Main St.,Syracuse,KS,37.98102782,-101.7523437
754,Patch & Crow's Nest,1800 Claflin Rd. #202,Manhattan,KS,39.1932053,-96.5857588
755,Pop Culture Comix,9337 W. 87th St.,Overland Park,KS,38.97111697,-94.69440975
756,Prairie Dog Comics,4800 W. Maple St. #122,Wichita,KS,37.6805479,-97.399518
757,The Arena,2450 S 9th St.,Salina,KS,38.7963993,-97.6135814
758,Vintage Stock,1930B S.W. Wanamaker Rd.,Topeka,KS,39.03051181,-95.76115864
759,Vintage Stock,12280 Shawnee Mission Pkwy.,Shawnee,KS,39.01485805,-94.72909537
760,Vintage Stock,9200 Metcalf Ave.,Overland Park,KS,38.96215242,-94.66772436
761,Vintage Stock,8416 W. 135th St.,Overland Park,KS,38.88382964,-94.68301488
762,Win More Games,12108 W. 87 St.,Lenexa,KS,38.97114622,-94.7263014
763,A+ Comics and Collectibles,123 Southland Dr.,Lexington,KY,38.012103,-84.518157
764,Arcadian Comics & Games,627 Monmouth St.,Newport,KY,39.09139849,-84.49326853
765,BluegrassMagic Gameshop,5629 Outer Loop,Louisville,KY,38.13903842,-85.65740325
766,Book & Music Exchange,5400 Preston Hwy. #C,Louisville,KY,38.17073985,-85.70876341
767,Captain Cosmos Collectibles,38 N. Main St.,Winchester,KY,37.99419787,-84.176666
768,"Collectibles, Etc.",115 Locust Hill Dr. #106,Lexington,KY,38.004199,-84.446865
769,Comic Book World,6905 Shepherdsville Rd.,Louisville,KY,38.15049705,-85.6597335
770,Comic Book World,7130 Turfway Rd.,Florence,KY,39.00810509,-84.62323403
771,Comic Cosmos,1560 Hustonville Rd. #101,Danville,KY,37.61916516,-84.77453471
772,Comic Interlude,393 Waller Ave.,Lexington,KY,38.03111,-84.519905
773,Comic Vault,450 N. Dixie Blvd.,Radcliff,KY,37.8442488,-85.9417212
774,Comics 2 Games,8470 U.S. Hwy. 42 #D,Florence,KY,38.9778898,-84.6575206
775,Crash Comics,1201 Kentucky Ave.,Paducah,KY,37.0810722,-88.6091699
776,Dugout,632 S. 4th St.,Murray,KY,36.59996298,-88.3032668
777,Fantasy Limited,507 E. 18th St.,Owensboro,KY,37.7591126,-87.1039364
778,Fantasy Limited,112 W. Center St.,Madisonville,KY,37.32831529,-87.50077802
779,GameStation,116 W. Main St.,Leitchfield,KY,37.48011086,-86.29479148
780,Little Monster Comics,4440 S. Hwy. 27,Somerset,KY,37.0811133,-84.60871778
781,Moonlite Comics,1100 U.S. Hwy. 127 S. - Bldg. A,Frankfort,KY,38.21526401,-84.86590247
782,Page 3's Game Zone,547 N. Mayo Trail,Pikeville,KY,37.45283756,-82.52288087
783,Pet Shop Comics & Collectibles,1191 Hillview Blvd. #'s 4 & 5,Louisville,KY,38.1780769,-85.6667077
784,Secret Identity Comics,1033 Bardstown Rd. #C,Louisville,KY,38.23966363,-85.72307231
785,Sword in the Stone,252 Main St.,Whitesburg,KY,37.11837808,-82.82735499
786,The Best Little Card Shop,211 Geri Lane,Richmond,KY,37.7376521,-84.3150563
787,The Great Escape,2433 Bardstown Rd.,Louisville,KY,38.22374888,-85.6875737
788,The Great Escape,2945 Scottsville Rd. #B17 & B18,Bowling Green,KY,36.9436377,-86.4246624
789,The Louisville Game Shop,925 Baxter Ave.,Louisville,KY,38.24193635,-85.72551518
790,The Zone,4121 Shelbyville Rd.,Louisville,KY,38.25225164,-85.64626518
791,Triple Play Cards & Comics,875 E. Arcadia Ave.,Dawson Springs,KY,37.17354088,-87.68042728
792,Troll and Toad,250 American Greeting Card Rd.,Corbin,KY,36.93196136,-84.09534382
793,UnderGround Comics,675 Broadway St.,West Liberty,KY,37.92290037,-83.25847429
794,Warlord Comics,1417 Olive St.,Murray,KY,36.61227896,-88.32152257
795,Acadiana Book & Comic Shop,2506 Johnston St.,Lafayette,LA,30.2091186,-92.0359123
796,And Comics Too,5520 Johnston St.,Lafayette,LA,30.180981,-92.0731907
797,Antiques-Records-Bottles-Coins-Comics,1945 W. Main St.,Schriever,LA,29.7284641,-90.8018589
798,BSI Comics,3030 Severn Ave.,Metairie,LA,30.00602149,-90.15951869
799,Clint's Comics,101 D'Arbonne Ave.,Monroe,LA,32.5254015,-92.07388975
800,Crescent City Comics & Cards,4916 Freret St.,New Orleans,LA,29.9348664,-90.1077349
801,"Excalibur Comics, Cards & Games",802 E. 70th St.,Shreveport,LA,32.44211601,-93.74251813
802,Galactic Goods Cards & Comics,343 W. Esplanade Ave.,Kenner,LA,30.02273085,-90.26912789
803,Gamer's Conclave,1886 N. Causeway Blvd.,Mandeville,LA,30.39152334,-90.08930099
804,Gamer's Haven,108 Republic Ave. #E,Lafayette,LA,30.1590877,-92.0429329
805,Gameworx,8290 Siegen Ln. #C,Baton Rouge,LA,30.4507665,-91.12584647
806,Legends,8924 Jewella Ave.,Shreveport,LA,32.41618312,-93.79755934
807,Magic Comics & Hobbies,727 Robert Blvd.,Slidell,LA,30.29526963,-89.76469787
808,More Fun Comics & Cards,8200 Oak St.,New Orleans,LA,29.9480819,-90.1308629
809,Old School Comics,3440 Kabel Dr.,New Orleans,LA,29.9191386,-90.0079578
810,Paper Heroes,3941 Ryan St. #C,Lake Charles,LA,30.18606198,-93.21804412
811,The Card Shop,203 Natchitoches St.,West Monroe,LA,32.50158608,-92.12384934
812,Tom's Triple Play,1701 Old Minden Rd. #19,Bossier City,LA,32.51638216,-93.71934308
813,Walley's Pop Comics LLC,711 Jefferson Hwy. #7,Baton Rouge,LA,30.4422448,-91.1300622
814,Bull Moose,456 Payne Rd.,Scarborough,ME,43.62337737,-70.3492611
815,Bull Moose,20 East Ave. (Lewiston Mall),Lewiston,ME,44.09145819,-70.16808162
816,Bull Moose,683 Hogan Rd.,Bangor,ME,44.83757251,-68.74270292
817,Casablanca Comics,778 Roosevelt Tr.,Windham,ME,43.83592787,-70.43993251
818,Casablanca Comics,151 Middle St.,Portland,ME,43.71974981,-70.24848402
819,Coast City Comics,656 Congress St.,Portland,ME,43.65315679,-70.2657247
820,Comics Plus,Eastward Plaza,Ellsworth,ME,44.58418326,-68.48714643
821,Crossroad Games,15 Fort Hill Rd.,Standish,ME,43.75976429,-70.52373807
822,Eagle Hill Stamps and Coins,351 Main St.,Presque Isle,ME,44.4756698,-68.8811278
823,Game Geeks,37 Ocean St.,South Portland,ME,43.64055162,-70.25452818
824,Top Shelf Collectables,59 Sanford Dr. #6,Gorham,ME,43.67986098,-70.39613833
825,Top Shelf Comics,25 Central St.,Bangor,ME,44.80280771,-68.77105512
826,Weekend Anime,4 Westbrook Common,Westbrook,ME,43.67630491,-70.36764051
827,Alliance Comics,8317 Fenton St.,Silver Spring,MD,38.9939684,-77.02402519
828,Alliance Comics,904 Light St.,Baltimore,MD,39.2788296,-76.6128942
829,Alternate Worlds,72 Cranbrook Rd.,Cockeysville,MD,39.4652796,-76.6355664
830,Amazing Spiral,711 West 40th St. (The Rotunda Mall),Baltimore,MD,39.3357193,-76.6304991
831,Atomic Books,3620 Falls Rd.,Baltimore,MD,39.33127317,-76.63512741
832,Barbarian Comics,11242 Triangle Ln.,Wheaton,MD,39.0395575,-77.05180494
833,Beyond Comics,18749-B North Frederick Ave.,Gaithersburg,MD,39.16231176,-77.22483591
834,Beyond Comics,5632 Buckeystown Pike,Frederick,MD,39.3888234,-77.4100779
835,Big Larry's Comic Book Cafe,22745 Washington St.,Leonardtown,MD,38.2917884,-76.63593654
836,Big Planet Comics,4908 Fairmont Ave.,Bethesda,MD,38.98830774,-77.0966179
837,Big Planet Comics of College Park,7315 Baltimore Ave. (U.S. 1),College Park,MD,38.98082002,-76.93772844
838,Brainstorm Comics,54 East Patrick St.,Frederick,MD,39.4138489,-77.4091809
839,Canton Games,2101 Essex St.,Baltimore,MD,39.2847285,-76.5857119
840,Capital Comics,207 Main St.,Annapolis,MD,38.9779887,-76.4912636
841,"Cards Comics & Collectibles, Inc.",100A Chartley Drive.,Reisterstown,MD,39.45658503,-76.82323992
842,Chesapeake Sports Cards,2137 Defense Hwy. #1,Crofton,MD,38.9910316,-76.696915
843,Chuck's Comics,530 Eastern Blvd.,Essex,MD,39.3092834,-76.474227
844,Collectors Corner,7911 Harford Rd.,Baltimore,MD,39.23545018,-76.63677351
845,Comics MD,3145 Old Washington Rd.,Waldorf,MD,38.62396118,-76.90919941
846,Comics To Astonish,9400 Snowden River Pkwy. #112,Columbia,MD,39.1767074,-76.8372017
847,Cosmic Comix & Toys,87 Mellor Ave.,Catonsville,MD,39.2683594,-76.7324551
848,Fudd's Rabbit Hole of Comics,8519 Ft. Smallwood Rd.,Pasadena,MD,39.1561246,-76.5166406
849,Games and Stuff,7476 Baltimore Annapolis Blvd.,Glen Burnie,MD,39.1642806,-76.624693
850,Geppi's Entertainment Museum,301 W. Camden St.,Baltimore,MD,39.2802512,-76.6192542
851,Gotham Comics,15 E. Main St. #B1,Westminster,MD,39.57565525,-76.9965757
852,House of Pop Culture,12522 Mattawoman Dr.,Waldorf,MD,38.65449818,-76.87691125
853,J&M Comics and Games,1213 Liberty Rd.,Eldersburg,MD,39.40481489,-76.95358526
854,Legends Games & Comics,1220 E. Joppa Rd. #106,Towson,MD,39.3973688,-76.5764562
855,Mighty KC's,2807 Belair Rd.,Fallston,MD,39.4842558,-76.4011858
856,Shananigans Toy Shop,5004-B Lawndale Ave.,Baltimore,MD,39.3540878,-76.62942045
857,Sports Card Heroes,634 Main St.,Laurel,MD,39.10800568,-76.85277435
858,The Collector's Edge,1223 National Hwy. #D,La Vale,MD,39.63709267,-78.83633003
859,The Dugoutzone,9210 Baltimore National Pike,Ellicott City,MD,39.2795654,-76.8312671
860,Third Eye Comics,78 Solomons Island Rd.,Prince Frederick,MD,38.53659831,-76.58763567
861,Third Eye Comics,45 Old Solomons Island Rd. #102,Annapolis,MD,38.9792782,-76.5354556
862,Twilite Zone Comics,18 N. Crain Hwy.,Glen Burnie,MD,39.1645864,-76.6253826
863,Washington Street Books,131 N. Washington St.,Havre de Grace,MD,39.5467248,-76.0894541
864,Wonder Book and Video,1306 W. Patrick St.,Frederick,MD,39.4172418,-77.4548833
865,3 C's Shop,344 Ashley Blvd.,New Bedford,MA,41.6658619,-70.9305603
866,3 Trolls Games & Puzzles,7 Summer St. Crossing,Chelmsford,MA,42.59996392,-71.363119
867,All Star Comic & Cards,22 Mazzeo Dr.,Randolph,MA,42.16516782,-71.05697428
868,Allsport Collectibles,200 N. Dartmouth Mall,North Dartmouth,MA,42.58150308,-71.08753287
869,Amesbury Comics/Castle Games,19 Macy St.,Amesbury,MA,42.84684663,-70.9274613
870,Baron's Collectibles,888 W. Center St.,West Bridgewater,MA,42.0111511,-71.05807269
871,Batter-Up Cards & Comics,1875 Main St.,Tewksbury,MA,42.59101352,-71.20587336
872,Bedrock Comics,371 Worcester Rd.,Framingham,MA,42.29818688,-71.41022035
873,Bleachers Sports Cards,988 Bedford St.,Abington,MA,42.1313566,-70.95016352
874,Bob's Hobbies & Collectibles,659 Dickinson St.,Springfield,MA,42.08106427,-72.55441777
875,Card & Comic Co.,1812 Wilbraham Rd.,Springfield,MA,42.1159591,-72.4999051
876,"Center Sportscards, Inc.",8 Andover Rd. #B,Billerica,MA,42.5600431,-71.26821578
877,Chaotic Good Gaming,444 Central St.,Leominster,MA,42.51117402,-71.75392698
878,Clubhouse Comics,95 Church St.,Pembroke,MA,42.10701446,-70.77441106
879,Cole's Comics,510 Boston St.,Lynn,MA,42.4647589,-70.97116547
880,Comically Speaking,575 Main St.,Reading,MA,42.52314571,-71.10296505
881,Comicazi,407 Highland Ave. (Davis Square),Somerville,MA,42.3958288,-71.12055869
882,Comicopia,464 Commonwealth Ave. #13,Boston,MA,42.34855,-71.09309
883,Command-D,172 Merrimack Ave.,Dracut,MA,42.65431577,-71.28245878
884,D&J's Comics and Collectables,1863 Ocean St.,Marshfield,MA,42.09200261,-70.70382925
885,Fantasy Realms,222 Elm St.,Pittsfield,MA,42.44314094,-73.23439658
886,Federation Comics,1041 Pearl St. #H,Brockton,MA,42.05532387,-71.06666149
887,Friendly Neighborhood Comics,191 Mechanic St.,Bellingham,MA,42.08203423,-71.45985001
888,GameNight.net,800 Falmouth Rd.,Mashpee,MA,41.6039759,-70.4953262
889,Gary Dolgoff Comics,116 Pleasant St.,Easthampton,MA,42.27249501,-72.66374081
890,Gilbert's Sports Nostalgia,928 Great Plain Ave.,Needham,MA,42.28017428,-71.23627255
891,Harrison's Comics & Collectibles,310 Daniel Webster Hwy. (Pheasant Lane Mall),Nashua,MA,35.96721535,-77.9864831
892,Harrison's Comics & Collectibles,252 Essex St.,Salem,MA,42.52143845,-70.89676335
893,Harrison's Comics & Collectibles,3850 Mystic Valley Pkwy. (Meadow Glen Mall),Medford,MA,42.42341344,-71.1086621
894,Jerry's Comics & Collectibles,296 Cabot St.,Beverly,MA,42.55822305,-70.84321706
895,Larry's Wonderful World,66 Lakeview Ave.,Lowell,MA,42.64900237,-71.30458907
896,Legends Comix and Games,33 River St.,Maynard,MA,42.4316084,-71.45253238
897,Magic Dragon Comics,307 Broadway,Arlington,MA,42.41441978,-71.15035265
898,"Main Vein Comics, Collectibles & Creepy Stuff",74 Federal St.,Greenfield,MA,42.58995282,-72.59925048
899,Million Year Picnic,99 Mt. Auburn St.,Cambridge,MA,42.3728525,-71.1206166
900,Modern Myths: Comics & Games,34 Bridge St. #4 (Across from Post Office),Northampton,MA,42.32166339,-72.62779724
901,Monkeyhouse Entertainment,28 Elm St. (Route 110),Salisbury,MA,42.83973019,-70.86415311
902,Music Quest,446 Grafton St.,Worcester,MA,42.25168122,-71.7824397
903,New England Comics,1511 Hancock St.,Quincy,MA,42.24793087,-71.00156444
904,New England Comics,732 Washington St.,Norwood,MA,42.19144836,-71.20198192
905,New England Comics,2184 Acushnet Ave.,New Bedford,MA,41.6821072,-70.9218388
906,New England Comics,95 Pleasant St.,Malden,MA,42.42713049,-71.06964752
907,New England Comics,14A Eliot St.,Cambridge,MA,42.37228325,-71.12170938
908,New England Comics,316 Harvard St.,Brookline,MA,42.34335436,-71.12339083
909,New England Comics,744 Crescent St.,Brockton,MA,42.08146519,-70.98901324
910,New England Comics,131 Harvard Ave.,Allston,MA,0.0,0.0
911,Over The Edge Comics & Games,415 Huttleston Ave. Front (Rt. 6),Fairhaven,MA,41.6514167,-70.8497289
912,P&T Sports Cards,560 Bedford St.,Whitman,MA,42.07540849,-70.94725294
913,Pazzo Books,1898a Centre St.,West Roxbury,MA,0.0,0.0
914,Puzzle Me This,290 Commercial St.,Provincetown,MA,42.05168944,-70.18652785
915,Rivendell Books & Games,224 Winthrop St. (Rt. 44),Rehoboth,MA,41.8558483,-71.2374454
916,Rubber Chicken Comics,15 N. Main St. (Rt. 126),Bellingham,MA,42.08895224,-71.47564566
917,Sean's Comics & Collectibles,6 Somerset Ave.,Winthrop,MA,42.3748173,-70.98771168
918,Stillpoint Cards and Comics,120 S. Main St.,Fall River,MA,41.70025834,-71.15616304
919,Synergistics,25 Vinyl Square,North Chelmsford,MA,67.01081128,-160.0078694
920,Temptation's Comics and Awsome Guitars,2331b Acushnet Ave.,New Bedford,MA,41.6855286,-70.92404348
921,That's Entertainment,244 Park Ave.,Worcester,MA,42.26545081,-71.81919673
922,That's Entertainment,56 John Fitch Hwy.,Fitchburg,MA,42.57163843,-71.77773893
923,The Comic Book Palace,620 Primrose Ave.,Haverhill,MA,42.79539182,-71.08922661
924,The Comic Stop,134A Main St.,Watertown,MA,42.36695603,-71.18698274
925,The Compleat Strategist,201 Massachusetts Ave.,Boston,MA,42.34523,-71.08713
926,The Outer Limits,437 Moody St.,Waltham,MA,42.36866763,-71.23743843
927,The Time Capsule,1732 Fall River Ave.,Seekonk,MA,41.7836315,-71.3056404
928,The Trader's Realm,4 White St.,Ludlow,MA,42.16657026,-72.48147184
929,The Wizards Duel,675 Centre St. (Route 123),Brockton,MA,42.08602276,-70.99181026
930,TJ Collectibles,160 Main St.,Milford,MA,42.14137986,-71.51945477
931,Toy Soldier Games and Comics,113B Main St.,Amesbury,MA,42.85446496,-70.93312424
932,Toys N Things,66 Maple St.,Danvers,MA,42.56738975,-70.93745446
933,Web Head Enterprises,239 North Ave.,Wakefield,MA,42.50230357,-71.07535815
934,"Wexler's, Inc.",113 Taunton Ave.,Seekonk,MA,41.8238644,-71.3423773
935,Wicked Comic Shop,800-810 Lynnway,Lynn,MA,42.44782914,-70.96168259
936,Wildtime Comics & Stories,703 Washington St.,South Attleboro,MA,0.0,0.0
937,WringerWorld: Comics Cards & More,475 Main St.,Athol,MA,42.59389895,-72.23004142
938,21st Century Comics & Games,515 E. Grand River Ave. #I,East Lansing,MI,42.7337555,-84.47790034
939,A to Z Cards & Comics,32659 Ford Rd.,Garden City,MI,42.32486586,-83.36252072
940,All Star Book Store,21747 Van Dyke Ave.,Warren,MI,42.45585858,-83.02644892
941,All-Star Sportscards,2035 28th St. S.E.,Grand Rapids,MI,42.96148154,-85.65568585
942,Amazing Book-Store:,3718 Richfield Rd.,Flint,MI,43.05090576,-83.64036902
943,Apparitions Comics & Books,2757 Ridgemoor Dr. S.E. #1,Kentwood,MI,42.91326613,-85.59428693
944,Argos Book Store,1405 Robinson Rd.,Grand Rapids,MI,42.95770674,-85.63528992
945,Back to the Past Comics,12670 Inkster Rd.,Redford,MI,42.3781486,-83.3129652
946,Big Ben's Comix,8241 Allen Rd.,Allen Park,MI,42.248964,-83.2178635
947,Big Book Store,5911 Cass Ave.,Detroit,MI,42.3632679,-83.0712362
948,Bob's Comics II,26030 Groesbeck Hwy.,Warren,MI,42.48656158,-82.97459331
949,Capital City Collectibles,1803 Michigan Ave.,Lansing,MI,42.73372168,-84.57606906
950,Cards in the Corner,4100 S. Cedar St.,Lansing,MI,42.69164594,-84.54813699
951,Cashman's Comics & Collectibles,1018 S. Madison Ave.,Bay City,MI,43.58120408,-83.88579501
952,Clem's Collectibles,212 S. Washington Square,Lansing,MI,42.73247111,-84.55235213
953,Cobblestone Crafts & Hobbies,210 Central Ave.,Holland,MI,42.78857286,-86.10728473
954,Collectible Treasures,29445 W. 12 Mile Rd.,Farmington Hills,MI,42.4993478,-83.3406222
955,Collector's Corner,4011 Jefferson Ave.,Midland,MI,43.6340325,-84.22698181
956,Comic City,382 N. Telegraph Rd.,Pontiac,MI,42.6433274,-83.3234867
957,Comic City,43538 West Oaks Dr.,Novi,MI,42.49118077,-83.47695879
958,Comic City,42823 Ford Rd.,Canton,MI,42.32214247,-83.47331461
959,Comic Collectables,G-4383 S. Saginaw St.,Burton,MI,42.99741086,-83.61744609
960,Comic Relief,G-4050 Fenton Rd.,Flint,MI,43.02363394,-83.69206403
961,Comic Rox Collectibles,16071 Eureka Rd.,Southgate,MI,42.1984436,-83.2184194
962,Comic Salvage / Sunoco,2635 N. Williamston Rd.,Williamston,MI,42.68362907,-84.28367064
963,Comics & Collectibles,19 W. 1st St.,Monroe,MI,41.9154453,-83.397365
964,Comics & More,28059 John R. Rd.,Madison Heights,MI,42.4989187,-83.106006
965,"Comics Archives, Inc.",25650 Plymouth Rd.,Redford,MI,42.3711294,-83.2935021
966,Comics Cave,5256 Cedar Run Rd.,Traverse City,MI,44.75445647,-85.60339374
967,Comics North,425 N. Main St.,Cheboygan,MI,45.64823536,-84.47373809
968,Comix Corner,861 E. Auburn Rd.,Rochester Hills,MI,42.6379852,-83.1136971
969,Comix Corner,32004 Utica Rd.,Fraser,MI,42.531584,-82.94856005
970,Coy's Comics,301 S. Hamilton St.,Saginaw,MI,43.41570138,-83.96521889
971,Curious Book Shop,307 E. Grand River Ave.,East Lansing,MI,42.73470845,-84.48144123
972,D & D Dugout,G4162 Fenton Rd.,Flint,MI,43.02363394,-83.69206403
973,Detroit Comics,23333 Woodward Ave.,Ferndale,MI,42.4656118,-83.1385758
974,Discount Hobby,5700 Beckley Rd #E20c,Battle Creek,MI,42.26095546,-85.18483372
975,Draft Pick,2930 E. Highland Rd.,Highland,MI,42.6537336,-83.5737952
976,Fanfare Comics & Cards,4415 S. Westnedge Ave.,Kalamazoo,MI,42.2473125,-85.58954534
977,Fun 4 All Comics & Games,2742 Washtenaw Ave.,Ypsilanti,MI,42.24971098,-83.65438132
978,Funny Pages Comics,106 N. Washington St.,Owosso,MI,42.99758854,-84.17055175
979,Galaxy Comics,2620 State St.,Saginaw,MI,43.43669343,-83.974369
980,Gamer's Gauntlet,20564 Hall Rd.,Clinton Township,MI,42.0575434,-83.94811707
981,Get Your Game On,709 Packard St.,Ann Arbor,MI,42.2707291,-83.7400902
982,Goldmine Comics & Cards,65 54th St. S.W.,Wyoming,MI,42.89097457,-85.70672293
983,Green Brain Comics,13210 Michigan Ave.,Dearborn,MI,42.3231784,-83.17280491
984,Guild of Blades Retail Group,28736 John R. Rd.,Madison Heights,MI,42.5028951,-83.1053386
985,K's Book Exchange,1220 W. Auburn Rd. # 3,Rochester Hills,MI,42.6358685,-83.1559429
986,Komic X-Plosion,214 E. Nepessing St.,Lapeer,MI,43.056717,-83.30553888
987,Legends Sports & Games,5690 W. Saginaw Hwy.,Lansing,MI,42.70959157,-84.55784837
988,Legends Sports & Games,3665 28th St. S.E.,Grand Rapids,MI,42.96148154,-85.65568585
989,Level 20 Games LLC,2015 S. Mission St. #7,Mt. Pleasant,MI,41.78270921,-85.71882889
990,Magnum Opus Comic & Card Cafe,1422 Wealthy St. S.E.,Grand Rapids,MI,42.96148154,-85.65568585
991,Major League Entertainment,458 Lentz Ct.,Lansing,MI,42.72956919,-84.59204556
992,Mike's Comics and Games,51075 Washington St.,New Baltimore,MI,42.68013946,-82.73576519
993,"Modern Age Media Comics,Cards & Videos",211 Salzburg Ave.,Bay City,MI,43.58013798,-83.90628318
994,"Nostalgia, ink",135 East Michigan Ave.,Jackson,MI,42.24742264,-84.40565596
995,Pandemonium Games,1858 Middlebelt Rd.,Garden City,MI,42.3234689,-83.3303605
996,Play Ball Cards & Comic,35121 Warren Rd.,Westland,MI,42.33890444,-83.3824625
997,Prime Time Comics and Cards,4 N. Broadway St.,Lake Orion,MI,42.7848218,-83.2395964
998,RIW Hobbies,29116 5 Mile Rd.,Livonia,MI,42.39715927,-83.37330736
999,Sports Cards City USA,31916 Woodward Ave.,Royal Oak,MI,42.5246088,-83.1919757
1000,Sportscard Connection,314 Shelden Ave.,Houghton,MI,47.12195483,-88.57044692
1001,Sweet Lou's Comics and Cards,8376 State St.,Millington,MI,43.28591118,-83.5306564
1002,T.J.'s Cards & Comics,28679 Ryan Rd.,Warren,MI,42.50379461,-83.06751277
1003,"Tardy's Collectors Corner, Inc.",2009 Eastern Ave.,Grand Rapids,MI,42.99912685,-85.64988415
1004,The Collector's Zone,1425 Wildwood Ave.,Jackson,MI,42.2523253,-84.43091778
1005,The Comics Experience,7677 Gratiot Rd.,Saginaw,MI,43.4192825,-83.95032993
1006,The Fortress Comics and Games,425 Albert Ave.,East Lansing,MI,42.7350894,-84.47906995
1007,The Outer Limits,1120 Burton St. S.W.,Wyoming,MI,42.92791864,-85.69472441
1008,The Pack Shack,23589 Van Born Rd.,Taylor,MI,42.2688968,-83.2653833
1009,Three Coins Coin Shop,2745 W. Jefferson Ave.,Trenton,MI,42.14152905,-83.17773459
1010,Time Travelers Comics Cards,3277 W. 12 Mile Rd.,Berkley,MI,42.5027706,-83.1922242
1011,Titan Games,637 Capital Ave. S.W.,Battle Creek,MI,42.30506518,-85.19946805
1012,Top Comics,516 E. 8th St.,Traverse City,MI,44.75930727,-85.61149757
1013,Vault of Midnight,219 S. Main St.,Ann Arbor,MI,42.279819,-83.7482157
1014,Wargames North,8998 E. 34 Rd.,Cadillac,MI,44.24941249,-85.41586079
1015,Warp 9 Comics,21 W. 14 Mile Rd.,Clawson,MI,42.5337543,-83.145698
1016,White Cap Comics,430 Cummings Ave. N.W.,Grand Rapids,MI,42.96148154,-85.65568585
1017,White Cap Comics,3916 W. River Dr. N.E.,Comstock Park,MI,43.04377328,-85.67787755
1018,"Wonderworld Comics, Games, and Toys",22347 Ecorse Rd.,Taylor,MI,42.25583308,-83.25435693
1019,ABC Cards-n-Comics,309 E. College Dr.,Marshall,MN,44.44846216,-95.78674336
1020,Beyond Shinders,12989 Ridgedale Dr.,Minnetonka,MN,44.9659875,-93.4449939
1021,Beyond Shinders,115 Washington Ave. N.,Minneapolis,MN,44.9830662,-93.2711925
1022,Beyond Shinders,3000 White Bear Ave.,Maplewood,MN,45.03151835,-93.01794764
1023,Big Brain Comics,1027 Washington Ave. S.,Minneapolis,MN,44.9751823,-93.2536278
1024,Book Review,1618 Hwy. 52 N. (Hillcrest Shopping Center),Rochester,MN,44.0394774,-92.4867556
1025,Captain Jack's Comic Book Adventures,8730 Lyndale Ave. S.,Bloomington,MN,44.8448535,-93.2892675
1026,Cedar Cliff Collectibles,1960 Cliff Lake Rd. #131,Eagan,MN,44.7928429,-93.2050043
1027,Collector's Connection,2322 Mountain Shadow Dr.,Duluth,MN,46.8050206,-92.1664611
1028,Comic Book College,3151 Hennepin Ave. S.,Minneapolis,MN,44.9448809,-93.2979536
1029,Double Play,1850 Adams St. #701,Mankato,MN,44.17051596,-93.94926911
1030,Dragon Port Games & Comics,3 S. 4th Ave W.,Duluth,MN,46.7828829,-92.1030124
1031,Dragon's Lair Games,520 Plum St.,Red Wing,MN,44.5639475,-92.530523
1032,Dreamers,3008 Texas Ave. S.,St. Louis Park,MN,44.94915879,-93.38098798
1033,Dreamhaven Books & Comics,2301 E 38th St.,Minneapolis,MN,44.9339199,-93.2380897
1034,Granite City Comics & Games,514 W. Saint Germain St.,St. Cloud,MN,45.56091045,-94.15823997
1035,Hot Comics & Collectibles,3532 Winnetka Ave. N.,New Hope,MN,45.0211243,-93.3792127
1036,Hot Comics and Collectibles,6609 Nicollet Ave. S.,Richfield,MN,44.8829441,-93.2774956
1037,JimmyJams Comics and Games,113 E. 3rd St.,Winona,MN,44.05163776,-91.63417912
1038,Little Professor Book Center,110 W. Park Square,Owatonna,MN,44.08436397,-93.22658781
1039,Manny's Comics & Cards,103 Pine St.,Monticello,MN,45.30575845,-93.79426551
1040,Midway Book Store,1579 University Ave. W.,St. Paul,MN,44.95576803,-93.16692807
1041,Nostalgia Zone,3149.5 Hennepin Ave.,Minneapolis,MN,44.94488092,-93.29795204
1042,Outpost 2000 & Beyond,502 Northdale Blvd. N.W.,Coon Rapids,MN,45.17740329,-93.27987941
1043,Roy's Comics & Games,210 3rd St. N.W.,Bemidji,MN,47.48142932,-94.8815755
1044,Roy's Comics and Games,118 E Howard St.,Hibbing,MN,47.4271475,-92.9409639
1045,Source Comics & Games,2057 Snelling Ave. N.,Roseville,MN,45.00338084,-93.16662588
1046,Steve's World,819 S. Hwy. 65,Mora,MN,45.86729317,-93.29526793
1047,The Mind's Eye Comics,1565 Cliff Rd. #2,Eagan,MN,44.7915017,-93.178098
1048,Twin City Comics & Games,3954 Central Ave N.E.,Columbia Heights,MN,45.0399004,-93.24749352
1049,Uncle Sven's Comic Shoppe,1838 St. Clair Ave.,St. Paul,MN,44.93419917,-93.1779768
1050,2nd Chance Books & Comic World,129 N. Front St.,McComb,MS,31.24421597,-90.45227234
1051,3 Alarm Comics,15210 Lemoyne Blvd.,Biloxi,MS,30.43855962,-88.95217097
1052,Comics and Stuff,2525 Lincoln Rd.,Hattiesburg,MS,31.3043423,-89.3290933
1053,Crossfire Comics,2320 Hwy. 19 N.,Meridian,MS,32.38172042,-88.74883674
1054,Gamerz Depot,9991 Hwy. 178 #6,Olive Branch,MS,34.94935448,-89.81164056
1055,Heroes and Dreams,5352 Lakeland Dr. (Hwy. 25) #1700,Flowood,MS,32.34473144,-90.04975676
1056,Java Ink,420 Roberts St.,Pearl,MS,32.2798984,-90.1306018
1057,PoePoz,361A S. Gloster St.,Tupelo,MS,34.2535498,-88.71604092
1058,Southern Fried Comics,136 East Front St.,Hattiesburg,MS,31.3271921,-89.2891157
1059,The Comic Commander,579 Hwy. 51 #D,Ridgeland,MS,32.42218024,-90.14479411
1060,Vans Comics and Cards,587 Hwy. 51 #I,Ridgeland,MS,32.42218024,-90.14479411
1061,A to Z Comics & Games,1300 SW 40 Hwy.,Blue Springs,MO,39.012001,-94.2676122
1062,Action Sports Cards & Collectibles Mall,5325 Antioch Rd.,Kansas City,MO,39.19057852,-94.54863792
1063,All American Collectibles / Mo's Comics,6933 Hampton Ave.,St. Louis,MO,38.5731141,-90.2953369
1064,Animation Depot,624 Jungermann Rd.,St. Peters,MO,38.7779926,-90.5801993
1065,Another Comic Shop,311 #7 S. Union Ave.,Springfield,MO,37.2066097,-93.2339881
1066,B-Bop Comics,3940 Main St.,Kansas City,MO,39.0555618,-94.5865253
1067,B-Bop Comics North,6320 N.W. Barry Rd.,Kansas City,MO,39.2489248,-94.6511792
1068,Big City Comix & Games,12317 State Line Rd.,Kansas City,MO,38.9040103,-94.6068523
1069,Brute Squad Entertainment,307 N.E. 58th St.,Gladstone,MO,39.19926794,-94.57747696
1070,Bugs Comics & Games,855 N. U.S. Hwy. 67,Florissant,MO,38.80009349,-90.33425509
1071,Clint's Books and Comics,3943 Main St.,Kansas City,MO,39.0550885,-94.5857182
1072,Comic Force,4250 Gretna Rd,Branson,MO,36.6594321,-93.2552818
1073,Comic Headquarters,4352 Telegraph Rd.,St. Louis,MO,38.63581226,-90.24511868
1074,Comic Relief,2224 N. 3rd St.,St. Charles,MO,38.8006338,-90.4750502
1075,Comic Relief Again,15425 Manchester Rd.,Ballwin,MO,38.5945147,-90.5641877
1076,Dragon King Games and Hobbies,4205 Old Hwy. 94 S.,St. Charles,MO,38.7957023,-90.5153643
1077,Dragons Lair,300 S. Belt Hwy. #A,St. Joseph,MO,39.76509786,-94.80383702
1078,Eclipse Books & Comics,814 Pine St.,Rolla,MO,37.95004534,-91.77146759
1079,Eldon Coin & Card,1804 S. Business Hwy. 54 #D,Eldon,MO,38.35117194,-92.5766711
1080,Fantasy Shop,2426 West Clay St.,St. Charles,MO,38.7849597,-90.5110196
1081,Fantasy Shop,8646 Veterans Memorial Pkwy.,O'Fallon,MO,38.79907543,-90.69058731
1082,Fantasy Shop,7238 Manchester Rd.,Maplewood,MO,38.61385783,-90.31484779
1083,Fantasy Shop,203 N. Kirkwood Rd.,Kirkwood,MO,38.5822941,-90.40642243
1084,Fantasy Shop,8232 N. Lindbergh Blvd.,Florissant,MO,38.790698,-90.3436133
1085,Fantasy Shop,10850 Lincoln Trail #15,Fairview Heights,MO,39.91650311,-95.06593826
1086,Galey's,114 W. Main,Fredericktown,MO,37.56459431,-90.29923646
1087,Game Cafe,107 W. Lexington Ave.,Independence,MO,39.092043,-94.4161002
1088,Game Master Collectibles,1439 S. Glenstone Ave.,Springfield,MO,37.187813,-93.262733
1089,Gathering Ground,10 N Elam Ave.,Valley Park,MO,38.5446384,-90.4961445
1090,Hurley's Heroes Comics & Games,1505 W. 10th St. #D,Joplin,MO,37.08092635,-94.53132789
1091,Legends Comics & Sports Cards,5850 Hampton Ave.,St. Louis,MO,38.5782774,-90.2937612
1092,"MetaGames Unlimited, Inc.",3309 E. Sunshine,Springfield,MO,37.1811967,-93.2270423
1093,Missouri Comics,109 W Park Square,Mansfield,MO,37.11020035,-92.58048312
1094,Monty's Book Swap,9302 E US Highway 40,Independence,MO,39.0591373,-94.4694543
1095,Not Just Comix,339 W. Main St.,Park Hills,MO,37.85242119,-90.52182042
1096,Playball II,1819 W. Hwy. 76 #G,Branson,MO,36.6430288,-93.2504342
1097,Plot Twist Comics,1936-C E. Sunshine,Springfield,MO,37.18136964,-93.25882584
1098,"PopBuzz, LLC",502 S. Main St.,DeSoto,MO,44.67188617,-93.06543545
1099,Pulp Fiction Comics & Games,1100 S.E. Blue Pkwy.,Lee's Summit,MO,38.9034922,-94.3542934
1100,Rock Bottom Comics,1029 E. Walnut St.,Columbia,MO,38.9526399,-92.3253693
1101,Slackers,1010 E. Broadway,Columbia,MO,38.9513309,-92.3260365
1102,Star Clipper,6392 Delmar Blvd.,St. Louis,MO,38.63581226,-90.24511868
1103,The Wright Spot to Hang Out,18 N. Jackson St.,Perryville,MO,37.725378,-89.8638185
1104,Thompson Productions L.L.C.,111 West Culton,Warrensburg,MO,38.76421301,-93.74058805
1105,Vintage Stock,1320 Mid Rivers Mall,St. Peters,MO,38.79669271,-90.61923321
1106,Vintage Stock,25 South County Center,St. Louis,MO,38.63581226,-90.24511868
1107,Vintage Stock,2856 S. Glenstone Ave.,Springfield,MO,37.1615208,-93.2617536
1108,Vintage Stock,2631 N. Kansas Expwy.,Springfield,MO,37.2454776,-93.3123369
1109,Vintage Stock,1918 Star Dr. #A,Liberty,MO,39.23888378,-94.41914146
1110,Vintage Stock,626 N.E. Misouri Hwy. 291,Lee's Summit,MO,38.84429994,-90.32122852
1111,Vintage Stock,8500 N.W. Prairie View Rd.,Kansas City,MO,39.12689613,-94.55445481
1112,Vintage Stock,4163 Sterling Ave.,Kansas City,MO,39.0465163,-94.446109
1113,Vintage Stock,101 N. Range Line Rd. #401A (Northpark Mall),Joplin,MO,37.09083934,-94.47690267
1114,Vintage Stock,3120 S. Main St. #7,Joplin,MO,37.05590761,-94.51487031
1115,Vintage Stock,2040 Chesterfield Mall,Chesterfield,MO,38.6520326,-90.5638496
1116,Vintage Stock,625 N.E. Coronado Dr.,Blue Springs,MO,39.027424,-94.254056
1117,Vintage Stock,902 E. North Ave.,Belton,MO,38.8144121,-94.5273981
1118,XG Games & Hobbies,604 First St.,Kennett,MO,36.23663225,-90.05064972
1119,Action Cards & Comics,1807 3rd St. N.W. #27,Great Falls,MT,47.5014389,-111.299975
1120,Big Sky Comics and Collectibles,323 24th St. W. #C,Billings,MT,45.773931,-108.5760379
1121,BJ's Collectibles,624 1st St.,Havre,MT,48.5528761,-109.6725951
1122,Book Exchange,2335 Brooks St.,Missoula,MT,46.84954776,-114.0170631
1123,Brandt's Amusement,2509 6th Ave. N.,Great Falls,MT,47.5123506,-111.2631607
1124,Muse Comics & Games,2100 Stephens #107,Missoula,MT,46.8512851,-114.0125642
1125,Rook's Comics and Games,2622 W. Main St. #C,Bozeman,MT,45.6734126,-111.0718191
1126,Splash Page,2545 Central Ave. #C,Billings,MT,45.7701128,-108.5809238
1127,The Game Room,103 Main St.,Anaconda,MT,46.1300486,-112.9524417
1128,C&L Baseball Cards,320 Court St.,Beatrice,NE,40.26593829,-96.74839326
1129,Coliseum Gaming,7215 S. 83rd St. #11,La Vista,NE,41.1885008,-96.0413754
1130,Donna's Book Nook,2215 Avenue G,Kearney,NE,40.69763139,-99.07205546
1131,Dragon's Lair,13774 Millard Ave.,Omaha,NE,41.2081403,-96.1293763
1132,Dragon's Lair,8316 Blondo St.,Omaha,NE,41.2780784,-96.0427583
1133,Ground Zero Comics,4601 S. 50th St. #103,Omaha,NE,41.2130135,-95.9902371
1134,Ground Zero Comics,794 Fort Crook Rd. S.,Bellevue,NE,41.1534539,-95.9280005
1135,Hobbytown USA,3120 Pinelake Rd. #4,Lincoln,NE,40.80960627,-96.68054165
1136,Krypton Comics,2819 S. 125th Ave. #261,Omaha,NE,41.2325052,-96.106667
1137,L. K. Sports Cards & Comics,2457 33rd Ave. #A,Columbus,NE,41.44085911,-97.36813296
1138,Legend Comics,5131 Leavenworth St.,Omaha,NE,41.2521554,-95.9931593
1139,Prep 2 Pro Sports,1700 Market Ln. (Sunset Plaza Mall),Norfolk,NE,42.03485529,-97.42091672
1140,The Game Shoppe,1406 Harlan Dr.,Bellevue,NE,41.1417541,-95.9118722
1141,Trade-A-Tape Comic Center,145 S. 9th St.,Lincoln,NE,40.8126983,-96.7088627
1142,A Collector's Menagerie,7240 W. Lake Mead Blvd. #2,Las Vegas,NV,36.19614132,-115.2500254
1143,Action Comics & Sports,210 N. Boulder Hwy. #160,Henderson,NV,36.0418781,-114.9825393
1144,Alternate Reality Comics,4800 S. Maryland Pkwy. #D,Las Vegas,NV,36.1027948,-115.1360737
1145,BattleZone Comics,7910 W. Tropical Pkwy. #120,Las Vegas,NV,36.27123614,-115.266039
1146,Book Gallery,1203 Rock Blvd.,Sparks,NV,39.5438628,-119.7639236
1147,Comic Oasis,3121 N. Rainbow Blvd.,Las Vegas,NV,36.21597699,-115.2423772
1148,Cosmic Comics,3330 E. Tropicana Ave. #G,Las Vegas,NV,36.1010818,-115.1026984
1149,Dark Tower Comics,6300 West Charleston,Las Vegas,NV,36.1596843,-115.2305921
1150,DK's Sierra Mountain Comics,1801 U.S. Hwy. 50 E. #J,Carson City,NV,39.17276631,-119.7477649
1151,Dreamwell Comics,4250 Cochise St. #20,Carson City,NV,39.1279862,-119.7731301
1152,Hobbytown USA,5085 W. Sahara Ave. #134,Las Vegas,NV,36.1433871,-115.2109792
1153,Kool Kollectibles,953 E. Sahara Ave. #9B,Las Vegas,NV,36.1422813,-115.1423423
1154,Maximum Comics,5130 S. Fort Apache Rd. #285,Las Vegas,NV,36.09372049,-115.297246
1155,Premier Comics,7445 S. Durango Dr. #104,Las Vegas,NV,36.0534723,-115.2792437
1156,Silver Catus Comics,1725 E. Warm Springs Rd.,Las Vegas,NV,36.0569615,-115.1285813
1157,Silver Catus Comics,4410 N. Rancho Dr.,Las Vegas,NV,36.23993628,-115.2328724
1158,Silver Catus Comics,480 N. Nellis Blvd. #C1A,Las Vegas,NV,36.16806079,-115.0620948
1159,The Next Dimension,245 S. Maine St.,Fallon,NV,39.47249858,-118.7769745
1160,Woody's World,3981 E. Sunset Rd.,Las Vegas,NV,36.0707417,-115.0880866
1161,A to Z Sportscards,1.5 E. Broadway,Derry,NH,42.88075981,-71.32621041
1162,Chris' Cards & Comics,919 Lafayette Rd.,Seabrook,NH,42.9028877,-70.868687
1163,Chris' Cards & Comics,341 S. Broadway,Salem,NH,42.753945,-71.2073061
1164,Collectibles Unlimited,25 South St.,Concord,NH,43.19909035,-71.53903941
1165,Comic Boom,22 West St.,Keene,NH,42.93349729,-72.27892096
1166,CP Comics,40 Pleasant St.,Claremont,NH,43.3642181,-72.3443333
1167,Diamond King Sports Cards,1 Bayside Rd. #11,Greenland,NH,43.03609185,-70.84897401
1168,Double Midnight Comics & Collectibles,245 Maple St. #11 (Maple Valley Plaza),Manchester,NH,42.98445414,-71.44453129
1169,Jetpack Comics LLC,37 N. Main St.,Rochester,NH,43.2752403,-70.9792267
1170,JWM Sports Cards,127 Rockingham Rd.,Derry,NH,42.8760729,-71.2997797
1171,Liberty Books,75 Allison St.,Concord,NH,43.1912496,-71.5384252
1172,Myriad Games,8 Stiles Rd.,Salem,NH,42.77517205,-71.24996864
1173,Silver Dragon,135 Rt. 101A,Amherst,NH,42.8053108,-71.5655925
1174,Sports Fans & Collectors Heaven,625 Elm St.,Manchester,NH,42.98778617,-71.4630531
1175,The Comic Store,115 Northeastern Blvd.,Nashua,NH,42.7401231,-71.4931772
1176,The Game Castle,123 Nashua Rd.,Londonderry,NH,42.8458224,-71.3601955
1177,The Sweet Spot,42 Main St.,Peterborough,NH,42.87898882,-71.95926836
1178,The Sweet Spot II,137 Union Sq. (On The Oval),Milford,NH,42.83586632,-71.64986503
1179,Top of the Steps,Rt. 302,Bartlett,NH,44.07336625,-71.28209111
1180,Toy City,133 Key Rd.,Keene,NH,42.92519806,-72.29713472
1181,Toys from the Attic,2 Somersworth Plaza,Somersworth,NH,43.25337878,-70.88546259
1182,Toys from the Attic,10 Fourth St.,Dover,NH,43.1991726,-70.8761777
1183,Triple Play,3 Whipple Place (On the Mall),Lebanon,NH,43.63531122,-72.25308075
1184,A & S Comics,563 Cedar Ln.,Teaneck,NJ,40.8904213,-74.0255116
1185,A & S Comics & Cards,7113 Bergenline Ave.,North Bergen,NJ,40.79686789,-74.01042007
1186,A Time Lost.....and Found,325 E. Atlantic Ave.,Audubon,NJ,39.8899311,-75.0661518
1187,All Things Fun!,185 C Route 73 N.,West Berlin,NJ,39.87031328,-75.13016161
1188,Amazing Heroes,966 Stuyvesant Ave.,Union,NJ,40.69552582,-74.27100277
1189,Amazing Stories,55 White Rd.,Shrewsbury,NJ,40.33621508,-74.06081358
1190,America's Pastime Baseball Cards & Sports Autographs,25-05 A Broadway,Fair Lawn,NJ,40.92299562,-74.11026818
1191,Attack of the Baseball Cards,60 Milltown Rd.,Union,NJ,40.69451019,-74.30511943
1192,Beach Comber Collectibles,6725 Black Horse Pike,Egg Harbor Township,NJ,39.4021082,-74.5623789
1193,Bob Beck Sports Collectibles,48 E. Northfield Rd.,Livingston,NJ,40.77372267,-74.3225412
1194,Bob's Cards & Comics,382 U.S. Hwy. 46,Budd Lake,NJ,40.8603848,-74.7589463
1195,Bob's Collectables,99 State Rt. 23 N.,Hamburg,NJ,41.1607082,-74.5798186
1196,Bob's Sports Cards & Memorabilia,4326 U.S. Hwy. 9,Howell,NJ,40.14587632,-74.22593383
1197,Bookstop,40 W. Main St.,Rockaway,NJ,40.9011588,-74.5131792
1198,CJ's Extra Innings,400 W. Broad St.,Westfield,NJ,40.64766672,-74.35244785
1199,Classic Comics,1006 St. Georges Ave.,Rahway,NJ,40.6072095,-74.28764707
1200,Clockwork Comics & Cards,1003 Vauxhall Rd.,Union,NJ,40.68905263,-74.24049194
1201,Coaches Choice,33 N. Locust Ave.,Marlton,NJ,39.89276347,-74.91645425
1202,Collector's Corner,100 N. Black Horse Pike,Williamstown,NJ,39.69129696,-74.99457535
1203,Comic Cafe,41 Mountain Blvd.,Warren,NJ,40.61318191,-74.49968943
1204,Comic Explosion,86 Centre St.,Nutley,NJ,40.8108472,-74.15023381
1205,Comic Fortress,34 E. Main St.,Somerville,NJ,40.56747038,-74.6106174
1206,Comic Fusion,42 Main St.,Flemington,NJ,40.51182275,-74.85899908
1207,Comic Lair,1606 S. Broad St.,Trenton,NJ,40.223729,-74.76399433
1208,Comics N Toys,26 River Edge Rd.,River Edge,NJ,40.9351072,-74.0299211
1209,Comics Plus,2005 Hwy. 35,Oakhurst,NJ,40.2630191,-74.04152439
1210,Conquest Comics,657 Route 9,Bayville,NJ,40.85515249,-99.07496621
1211,"Danpak Stamps & Coins, Inc.",10 N. Washington Ave.,Bergenfield,NJ,40.9281249,-73.996117
1212,Dark Tower Games,3130 S.R. 10,Denville,NJ,40.88885354,-74.48944731
1213,Dewey's Comic City,13 Park Ave.,Madison,NJ,40.7611666,-74.4171768
1214,East Coast Connection,288 Ridge Rd.,Lyndhurst,NJ,40.8087863,-74.1182254
1215,Evan's Sports Cards & Collectibles,2999 Evesham Rd. #15,Voorhees,NJ,39.87140794,-74.93533481
1216,"Everything Baseball, Inc.",388 Ramapo Valley Rd.,Oakland,NJ,41.0254851,-74.2408968
1217,Fat Jack's Comicrypt,521 White Horse Pike,Oaklyn,NJ,39.90351637,-75.07772408
1218,Fat Moose Comics and Games,831 Route 10 E. (Pine Plaza Mall),Whippany,NJ,0.0,0.0
1219,FJB Comics & Games,17 Coles St.,Jersey City,NJ,40.72191501,-74.04781887
1220,Fortress of Solitude,53 University Ave.,Newark,NJ,40.74527139,-74.17218667
1221,Four Star Video,2630 E. Chestnut Ave.,Vineland,NJ,39.4767313,-74.97808166
1222,Fred's Baseball Cards,49 Parsippany Rd.,Whippany,NJ,0.0,0.0
1223,Funnybooks Comics & Stuff,98 N. Beverwyck Rd.,Lake Hiawatha,NJ,40.8824106,-74.382057
1224,Gamer's Realm,2025 Old Trenton Rd.,West Windsor,NJ,40.28102995,-74.57060192
1225,Gamers Gambit,446 Market St.,Saddle Brook,NJ,40.89703481,-74.09813169
1226,Gotham Buying & Selling Collectibles,308 Valley Brook Ave.,Lyndhurst,NJ,40.81314867,-74.12666216
1227,Hero Town,Route 10 Ledgewood Mall,Ledgewood,NJ,0.0,0.0
1228,J & C Baseball Clubhouse,990 Cedarbridge Ave.,Brick,NJ,40.05302249,-74.13554831
1229,J&N Sports Cards,300 Gordons Corner Rd. #4,Manalapan,NJ,40.31155776,-74.31715902
1230,Jay & Silent Bob's Secret Stash,35 Broad St.,Red Bank,NJ,40.3512558,-74.06534672
1231,JC Comics,579 Rte. 22 W.,North Plainfield,NJ,40.63089979,-74.43183016
1232,Jester's Playhouse,2408 New Rd.,Northfield,NJ,39.3621748,-74.5650976
1233,Jumbleiah,72 W. Allendale Ave.,Allendale,NJ,41.0305843,-74.1284213
1234,"Just Rookies, Inc.",315 Franklin Ave.,Wyckoff,NJ,41.0110372,-74.1659177
1235,Kearny Rare Comics and Cards,580 Kearny Ave.,Kearny,NJ,40.77073713,-74.14503744
1236,Little Shop of Comics,393 Park Ave.,Scotch Plains,NJ,40.65075583,-74.39813267
1237,Main St. Comics & Toys,74 N. Main St.,Milltown,NJ,40.45244275,-74.439585
1238,MC Comics,22 Old Matawan Rd. #D,Old Bridge,NJ,40.4116285,-74.36405819
1239,Moon Shadow Cards & Comics,3379 John F Kennedy Blvd.,Jersey City,NJ,40.74767821,-74.05636066
1240,"Mr. Mint, Inc.",70 Chestnut Ridge Rd. #I,Montvale,NJ,41.05282,-74.069149
1241,New Concept II,94 Flock Rd.,Trenton,NJ,40.223729,-74.76399433
1242,New Concept III Cards & Hobbies,676 Stokes Rd.,Medford,NJ,39.87221364,-74.81186427
1243,New World Manga,93 E. Mt. Pleasant Ave.,Livingston,NJ,40.78565594,-74.32911212
1244,Niko's Sports Cards,547 Bound Brook Rd.,Middlesex,NJ,40.5827841,-74.48791699
1245,On Deck Baseball Cards,3542 S. Delsea Dr.,Vineland,NJ,39.43507838,-75.04090276
1246,Paradox Comics,269 Ridge Rd.,North Arlington,NJ,40.7904826,-74.1320977
1247,Perfectly Centered,364 E. Westfield Ave.,Roselle Park,NJ,40.66327135,-74.25156927
1248,Premier Sports Collectables,700 A Black Horse Pike,Glendora,NJ,39.83966937,-75.06893349
1249,Pyramid Comics and Cards,24 Main St.,Sparta,NJ,41.0380874,-74.6349449
1250,R P Specialty Sports Cards Unlimited,19 Wall St.,Rockaway,NJ,40.90171892,-74.51403258
1251,Reality's Edge,291 Ridge Rd.,North Arlington,NJ,40.79099696,-74.1315935
1252,Riverside Sports Cards,25 E. Scott St.,Riverside,NJ,40.0381924,-74.9585082
1253,Rogue Comics,102A N. Union Ave.,Cranford,NJ,40.65659316,-74.30336307
1254,Ron's Comic World,1690 Route 38 (Armory Plaza),Mt. Holly,NJ,39.08496909,-74.83347566
1255,Rookies and Stars Sports Collectibles,1350 St. Georges Ave.,Avenel,NJ,40.58488914,-74.29259916
1256,Scrivener's Collectibles,178 Maplewood Ave.,Maplewood,NJ,40.73072404,-74.27799685
1257,"Sports Collection, Inc.",Ocean One Mall,Atlantic City,NJ,39.37732154,-74.45124384
1258,Sports Minded Unlimited,165 Washington Valley Rd.,Warren,NJ,40.61353602,-74.49742941
1259,Steve's Baseball Cards,112 Fort Lee Rd.,Teaneck,NJ,40.873365,-74.0214734
1260,Steve's Comic Relief,1231 Route 166 #7,Toms River,NJ,39.98595662,-74.21033024
1261,Steve's Comic Relief,Mercer Mall,Lawrenceville,NJ,40.30177267,-74.7378382
1262,Stormwatch Comics,449 Route 73 N.,West Berlin,NJ,39.87031328,-75.13016161
1263,TemDee Collectibles,5051 Rt. 42,Turnersville,NJ,39.76657134,-75.06137538
1264,"The Baseball Card Store, Inc.",45 Prospect St.,Midland Park,NJ,40.99291544,-74.1414508
1265,The Comic Book Market,28 Washington St.,Bloomfield,NJ,40.79283467,-74.19679435
1266,The Comic Book Store,30 N. Main St.,Glassboro,NJ,39.70280372,-75.11184564
1267,The Comic Station,615 Station Ave.,Haddon Heights,NJ,39.88221726,-75.05894533
1268,"The Fallout Shelter: Comics, Games & Collectibles",264 Georges St.,New Brunswick,NJ,40.4762545,-74.44773142
1269,The Hobby Shop,1077 State Route 34,Matawan,NJ,40.4126678,-74.23652161
1270,The Joker's Child,12-23 River Rd.,Fair Lawn,NJ,40.93162258,-74.13213538
1271,The Record Store,6299 Route 9 N.,Howell,NJ,40.11904445,-74.21950455
1272,Time Warp Comics & Games,555a Pompton Ave.,Cedar Grove,NJ,40.85270569,-74.22949846
1273,Toy Masters,62 White St.,Red Bank,NJ,40.3294027,-74.05939575
1274,Traders of Babylon,265 1st St.,Hoboken,NJ,40.73786547,-74.03387136
1275,Vector Books,902 Broadway,Bayonne,NJ,40.67825866,-74.10602413
1276,Zapp! Comics,574 Valley Rd.,Wayne,NJ,40.92710334,-74.23089945
1277,Active Imagination,11200 Montgomery N.E. #10,Albuquerque,NM,35.1055517,-106.6473884
1278,Astro-Zombies,3100 Central Ave. S.E.,Albuquerque,NM,35.0804773,-106.6106146
1279,Atomik Comix,560 E. Main St. #105,Farmington,NM,36.73073926,-108.1975404
1280,Coas My Bookstore,317 N. Main,Las Cruces,NM,32.3118911,-106.779491
1281,Comic Warehouse,9617 Menaul Blvd. N.E.,Albuquerque,NM,35.1055517,-106.6473884
1282,Don's Paperback Books,1013 San Mateo S.E.,Albuquerque,NM,35.1055517,-106.6473884
1283,Lobo Anime & Comics,1016 Juan Tabo Blvd. N.E. #D,Albuquerque,NM,35.0896113,-106.5144043
1284,Magic Moments,1433 Wyoming N.E.,Albuquerque,NM,35.1055517,-106.6473884
1285,Noble Collectibles,5901 Wyoming Blvd. #W,Albuquerque,NM,35.146852,-106.5560059
1286,Old West Comics and Games,5201 Lomas Blvd. N.E.,Albuquerque,NM,35.1055517,-106.6473884
1287,Tall Tales Comics & Novelties,1410 Wyoming Blvd. N.E. #D,Albuquerque,NM,35.1055517,-106.6473884
1288,True Believers Comics and Gallery,801 Cerrillos Rd. #B,Santa Fe,NM,35.6788941,-105.9512343
1289,Twin Suns Comics and Games,6301 Riverside Plaza N.W.,Albuquerque,NM,35.1564963,-106.6803376
1290,University Comic Warehouse,2116 Central Ave. S.E.,Albuquerque,NM,35.0806698,-106.6228388
1291,1st Print Comics,1320 Buffalo Rd. #209,Rochester,NY,43.168793,-77.61595436
1292,3rd Universe Comic Emporium,35 N. Riverside Ave.,Croton on Hudson,NY,41.2042399,-73.8900305
1293,4-Seasons Cards -N- Collectibles Inc.,223 Elmira Rd.,Ithaca,NY,42.4288,-76.5056
1294,A Bookmarx,28 Lincoln Ave.,Roslyn Heights,NY,40.79180326,-73.64203518
1295,A&S Sports Cards,825 Carmen Ave.,Westbury,NY,40.76003253,-73.58905665
1296,"Affordable Sportscards, Comics & Collectables, Inc.",129 Columbia St.,Cohoes,NY,42.7703,-73.7066
1297,Al's House of Sports Cards and Fine Collectibles,1632 Union St.,Schenectady,NY,42.8043,-73.904
1298,Alex's MVP Cards and Comics,256 E. 89th St.,New York City (Manhattan),NY,0.0,0.0
1299,All Star Sports Cards LLC,9596 Carousel Center Dr.,Syracuse,NY,43.06714261,-76.17104493
1300,Alternate Realities,700 Central Park Ave.,Scarsdale,NY,40.99019474,-73.77731283
1301,Alterniverse,Rt. 44 Washington-Hollow Plaza,Salt Point,NY,41.80606317,-73.79002964
1302,Amazing Comics & Collectibles,12 Gillette Ave.,Sayville,NY,40.73155294,-73.08090159
1303,American Legends,1107 Central Park Ave.,Scarsdale,NY,40.99019474,-73.77731283
1304,Amok Time Toys,108C New South Rd.,Hicksville,NY,40.75852125,-73.50617313
1305,Aquilonia Comics,412 Fulton St.,Troy,NY,42.7325,-73.6883
1306,Arcadia Sports,310 N. Main St.,Newark,NY,43.0498803,-77.09543254
1307,B & B Cards,1401 Stone Rd. #302,Rochester,NY,43.168793,-77.61595436
1308,Bailey's Comics Of Lindenhurst,237 S. Wellwood Ave.,Lindenhurst,NY,40.68501595,-73.37152852
1309,Baseball Cards Etc. / Bullseye Collectibles,1824 Merrick Rd.,Merrick,NY,40.653536,-73.556357
1310,Bearded Dragon Games & Hobbies,19 Ford Ave.,Oneonta,NY,42.4564,-75.062
1311,Bergen Street Comics,470 Bergen St.,Brooklyn (New York City),NY,40.63439283,-73.95026864
1312,Best Comics & Collectibles International,1300 Jericho Turnpike,New Hyde Park,NY,40.73303308,-73.68261441
1313,Blu Planet,509 Central Ave.,Massapequa,NY,40.67789208,-73.4716147
1314,Books & Memories,2600 James St.,Syracuse,NY,43.0686,-76.1099
1315,Books End,2443 James St.,Syracuse,NY,43.0688,-76.1125
1316,"BP Sports Cards and Memorabilia, Inc.",38 N. Main St.,Florida,NY,41.33515144,-74.35801084
1317,"Brooklyn Comics & More, Inc.",493 7th Ave.,Brooklyn (New York City),NY,40.63439283,-73.95026864
1318,Brothers Grimm Games,1244 Middle Country Rd.,Selden,NY,40.86258938,-73.0556626
1319,Bulletproof Comics & Games,2178 Nostrand Ave.,Brooklyn (New York City),NY,40.63439283,-73.95026864
1320,Bulletproof Comics & Games II,4507 Ft. Hamilton Pkwy.,Brooklyn (New York City),NY,40.63439283,-73.95026864
1321,Bulletproof Comics & Games III,8109 Flatlands Ave.,Brooklyn (New York City),NY,40.63439283,-73.95026864
1322,Bullseye's,615 S Main St.,North Syracuse,NY,43.12499527,-76.13898753
1323,Captain Comic,2 Allen St.,New Hyde Park,NY,40.73239045,-73.68574426
1324,Card Shack,9 Atlantic Ave.,Lynbrook,NY,40.65660966,-73.67165417
1325,Cardboard Memories,3012 Jericho Tpke.,East Northport,NY,40.87915301,-73.32324929
1326,Center Field Cards & Comics,125 W. Main St.,Endicott,NY,42.09522761,-76.06576838
1327,Chautauqua Comics,214 Fairmount Ave.,Jamestown,NY,42.0984,-79.2568
1328,Chosen One Collectible Toys,21 Brookvale Ave.,West Babylon,NY,40.68608338,-73.34705038
1329,Cloud City Comics and Toys,3216 Erie Blvd. E.,DeWitt,NY,43.052295,-76.07405899
1330,Collector's Kingdom,202 W. Jericho Tpke.,Huntington Station,NY,40.82850845,-73.41698962
1331,Collectors Choice,54 Main St.,Brockport,NY,43.21556909,-77.93858801
1332,Collectors Inn,2931 Delaware Ave.,Buffalo,NY,42.89225205,-78.85941404
1333,"Comic Book Depot, Inc.",2847 Jerusalem Ave.,Bellmore,NY,40.65694228,-73.52847805
1334,Comic Book Heaven,25 Court St.,White Plains,NY,41.03206105,-73.76766155
1335,Comic Book Heaven,938 St. Paul St.,Rochester,NY,43.1728277,-77.6223974
1336,Comic Book Heaven,48-14 Skillman Ave.,Sunnyside (New York City: Queens),NY,0.0,0.0
1337,Comic Book Jones,2220 Forest Ave.,Staten Island (New York City),NY,43.426688,-74.02364442
1338,Comic Corner,107-01 101st Ave.,Ozone Park (New York City: Queens),NY,0.0,0.0
1339,Comic Den Inc.,80-62 Lefferts Blvd.,Kew Gardens (New York City: Queens),NY,0.0,0.0
1340,Comic Kingdom USA,135-17 40th Rd. (2nd Floor),Flushing (New York City: Queens),NY,35.14697827,-92.33204441
1341,Comic Kingdom USA,37-11 Main St. #B19,Flushing (New York City: Queens),NY,35.14697827,-92.33204441
1342,Comics Etcetera,274 N. Goodman St.,Rochester,NY,43.1586,-77.5847
1343,Comics for Collectors,207 N. Aurora St.,Ithaca,NY,42.4407,-76.4955
1344,Comics Warehouse,52 S. Main St .,Pearl River,NY,41.05750173,-74.02167667
1345,Comix Zone,628 S Main St.,North Syracuse,NY,43.12477958,-76.1397007
1346,Commack Collectibles,1165 Jericho Turnpike,Commack,NY,40.84624893,-73.26707996
1347,Cosmic Comics & Books,246 Merrick Rd.,Oceanside,NY,40.65353223,-73.62724207
1348,Cosmo's Cards & Collectibles,1422 Williamsbridge Rd.,Bronx (New York City),NY,42.43948483,-77.7819877
1349,Count Dracula's Comic Crypt,3391 Long Beach Rd.,Oceanside,NY,40.62830293,-73.64098734
1350,Cow Over The Moon Toys & Sports Memorabilia,282 Main St.,Huntington,NY,40.8707,-73.4271
1351,Crazy Egor's Discount Game Warehouse,1699 Hamlin Parma TL Rd.,Hilton,NY,43.28994775,-77.79251222
1352,Crazy Scondo's,3709 Francis Lewis Blvd.,Bayside (New York City: Queens),NY,42.65283531,-78.75546371
1353,Dave & Adam's Card World,2790 Sheridan Dr.,Tonawanda,NY,42.9811,-78.8305
1354,Dave & Adam's Card World,5575 Transit Rd.,Buffalo,NY,42.89225205,-78.85941404
1355,Desert Island,540 Metropolitan Ave.,Brooklyn (New York City),NY,40.63439283,-73.95026864
1356,Despatch Junction,100 Station Rd.,East Rochester,NY,43.116,-77.4884
1357,Don's Atomic Comics,6354 Transit Rd.,Depew,NY,42.92946933,-78.6970269
1358,Double Header Baseball Cards,3328 Long Beach Rd.,Oceanside,NY,40.62992736,-73.6410702
1359,Dragons Den,2600 South Rd. (Poughkeepsie Plaza),Poughkeepsie,NY,41.69492339,-73.92105157
1360,Dug Out Sports Cards,3933 West Rd.,Cortland,NY,42.59755688,-76.20502804
1361,Earthworld Comics,537 Central Ave.,Albany,NY,42.67048486,-73.77890536
1362,Electric City Comics,1704 Van Vranken Ave.,Schenectady,NY,42.8241,-73.9238
1363,Empire Comics?,1176 Mount Hope Ave.,Rochester,NY,43.1269,-77.6158
1364,Empire Comics? II,375 Stone Rd.,Rochester,NY,43.168793,-77.61595436
1365,End Zone Collectibles Inc.,162 Greece Ridge Ctr.,Rochester,NY,43.168793,-77.61595436
1366,Excellent Adventures,110 Milton Ave.,Ballston Spa,NY,43.00390062,-73.84887524
1367,Fantastic Planet,164 Boynton Ave. # 203,Plattsburgh,NY,44.7087,-73.4677
1368,Fat Cat Books,15 Avenue B,Johnson City,NY,42.11476244,-75.95359672
1369,First N' Goal Sportscards,1065 Niagara Falls Blvd.,Buffalo,NY,42.89225205,-78.85941404
1370,Forbidden Planet International,840 Broadway,New York City (Manhattan),NY,0.0,0.0
1371,Fourth World Comics,35 S.R. 111,Smithtown,NY,40.85901617,-73.21569277
1372,Galaxy Comics & Collectibles,123 7th Ave.,Brooklyn (New York City),NY,40.63439283,-73.95026864
1373,Galaxy Comics II,429 5th Ave.,Brooklyn (New York City),NY,40.63439283,-73.95026864
1374,Galaxy Comics Inc.,6823 5th Ave.,Brooklyn (New York City),NY,40.63439283,-73.95026864
1375,Games & Comic Station,5547 Broadway,Bronx (New York City),NY,42.43948483,-77.7819877
1376,Golden Memories,1242 Middle Country Rd.,Selden,NY,40.86259714,-73.05561426
1377,Golden Memories Comics & Games,1265 Montauk Hwy.,Mastic,NY,40.80375305,-72.8541408
1378,Grasshoppers Comics,76 Hillside Ave.,Williston Park,NY,40.75744465,-73.64186679
1379,Halley's Comics,1144 Oliver St.,North Tonawanda,NY,43.0521,-78.8879
1380,Heroes Your Mom Threw Out Comic Shop,312 E. 14th St.,Elmira,NY,42.12957127,-76.82046975
1381,Hobbies & Heroes,20 Dann Rd.,East Amherst,NY,43.02212113,-73.54363899
1382,Hot Corner,2980 Nostrand Ave.,Brooklyn (New York City),NY,40.63439283,-73.95026864
1383,House of Fantasy Comics & Games,1709 Pine Ave.,Niagara Falls,NY,43.0949,-79.041
1384,Image Anime,242 W. 30th St.,New York City (Manhattan),NY,0.0,0.0
1385,Imagination Station,107 Main St.,Lake Placid,NY,44.28372581,-73.98547691
1386,Iron Crown,3077 Main St.,Buffalo,NY,42.9483,-78.8287
1387,J & B Sportscard & Comics,1878 Victory Blvd.,Staten Island (New York City),NY,43.426688,-74.02364442
1388,Jay's Sports Cards,Main St.,Interlaken,NY,42.61847809,-76.72467649
1389,Jim Hanley's Universe,325 New Dorp Ln.,Staten Island (New York City),NY,43.426688,-74.02364442
1390,Jim Hanley's Universe,4 W. 33rd St.,New York City (Manhattan),NY,0.0,0.0
1391,Jupiter Games,3701 Vestal Pkwy. E. #7,Vestal,NY,42.09647709,-75.98258004
1392,Kent Comics,1110 Rte. 52,Carmel,NY,41.4149412,-73.6854956
1393,Killino's Baseball Card & Coin,8376 Seneca Tpke.,Clinton,NY,43.04886629,-75.37846137
1394,Kings Games,1685 E. 15th St.,Brooklyn (New York City),NY,40.63439283,-73.95026864
1395,Krypton Comics of Staten Island,611 Midland Ave.,Staten Island (New York City),NY,43.426688,-74.02364442
1396,Legends Are Forever,133 Main St.,Cooperstown,NY,42.70078278,-74.92617835
1397,Leone's Hobbies,612 Stone Rd.,Rochester,NY,43.168793,-77.61595436
1398,Long Island Comics,276 Little East Neck Rd. (Route 109),West Babylon,NY,40.7006041,-73.34024023
1399,Magnim Comics & Cards,3723 Riverdale Ave.,Bronx (New York City),NY,42.43948483,-77.7819877
1400,Mahopac Cards & Comics,1000 Miller Rd. Plaza,Mahopac,NY,41.36843801,-73.74014049
1401,Main Street Comics,157 Dolson Ave.,Middletown,NY,41.4284065,-74.4253303
1402,"Manhattan Comics and More, Inc.",10 E. 23rd St. - 2nd Floor,New York City (Manhattan),NY,0.0,0.0
1403,Marks Comics & Collectibles,291 N. Central Ave.,Valley Stream,NY,40.67568284,-73.70938595
1404,Maverick Comics,210 Parkside Ave.,Brooklyn (New York City),NY,40.63439283,-73.95026864
1405,Men At Arms Hobbies,142 Middle Country Rd.,Middle Island,NY,40.88573529,-72.94537331
1406,"Metropolis Collectibles, Inc.",873 Broadway #201,New York City (Manhattan),NY,0.0,0.0
1407,Mickey's Place,74 Main St.,Cooperstown,NY,42.70052941,-74.92414492
1408,Midtown Comics Downtown,64 Fulton St.,New York City (Manhattan),NY,0.0,0.0
1409,Midtown Comics Grand Central,459 Lexington Ave.,New York City (Manhattan),NY,0.0,0.0
1410,Midtown Comics Times Square,200 W. 40th St.,New York City (Manhattan),NY,0.0,0.0
1411,"Mint Condition Comic Books, Inc.",664 Pt. Washington Blvd.,Pt. Washington,NY,39.21710577,-106.9165778
1412,Montasy Comics,70-17 Austin St. 2nd Fl #C,Forest Hills (New York City: Queens),NY,41.54680659,-74.69666476
1413,National Pastime,2327 Cty. Rt. 31,Cooperstown,NY,42.69959982,-74.93003014
1414,"Never Enough Cards, Inc.",28 Crystal Brook Hollow Rd.,Pt. Jefferson,NY,43.07322815,-77.52672596
1415,October Country,246 Main St. #5 (Cherry Hill Center),New Paltz,NY,41.74943544,-74.08113824
1416,Pegasus Hobbies,132 Franklin St.,Watertown,NY,43.9739,-75.9093
1417,Phoenix Comics & Collectibles,107-5 Stewart Ave.,Hicksville,NY,40.74812909,-73.54526685
1418,Pinocchio Discounts Collectibles,1814 McDonald Ave.,Brooklyn (New York City),NY,40.63439283,-73.95026864
1419,Play The Game Read The Story,9808 Carousel Center Mall,Syracuse,NY,43.06717511,-76.17109866
1420,Pulp Nouveau Comix,92 S. Main St.,Canandaigua,NY,42.8863,-77.2808
1421,Queen City Bookstore,3184 Main St.,Buffalo,NY,42.9511,-78.8263
1422,Racing City Hobbies,110 Main St. (Midtown Shopping Plaza),South Glens Falls,NY,43.29851482,-73.63479291
1423,Ravenblood Games,1163 Old Country Rd.,Plainview,NY,40.77617306,-73.4636938
1424,Ravenswood Comics,8451 Seneca Tnpk.,New Hartford,NY,43.07101941,-75.28862513
1425,Roger's Time Machine,207 W. 14th St. #2,New York City (Manhattan),NY,0.0,0.0
1426,Royal Collectibles,96-11 Metropolitan Ave.,Forest Hills (New York City: Queens),NY,41.54680659,-74.69666476
1427,Sanctuary Comics,750 Bradley St.,Watertown,NY,43.9879,-75.9154
1428,Seeley & Kane's Books & Comics,2480 Elmwood Ave.,Buffalo,NY,42.89225205,-78.85941404
1429,Seventh Inning Stretch Sports,1455 Hertel Ave.,Buffalo,NY,42.9475,-78.8542
1430,Sideline Sports,4341 Wetzel Rd.,Liverpool,NY,43.10620185,-76.20938665
1431,Southpaw Sportscards,8342 S. Main St.,Cicero,NY,43.16634848,-76.06604881
1432,Sports Heroes and Legends,10 Giffords Ln.,Staten Island (New York City),NY,43.426688,-74.02364442
1433,Squiggy's Dugout,237A E. Main St.,New Rochelle,NY,40.91541653,-73.77119713
1434,St. Mark's Comics,11 St. Marks Pl.,New York City (Manhattan),NY,0.0,0.0
1435,St. Mark's Comics,148 Montague St. Floor 2,Brooklyn (New York City),NY,40.63439283,-73.95026864
1436,"Staten Island Sports Cards, Inc.",27 Seguine Ave.,Staten Island (New York City),NY,43.426688,-74.02364442
1437,Stevens' Books,817 N. Main St.,Newark,NY,43.05467937,-77.095312
1438,Stinky's Collectibles,3838 Sunrise Hwy.,Seaford,NY,40.67451729,-73.49038825
1439,Super Hero Comics,146 Jericho Tpke.,Floral Park (New York City: Queens),NY,0.0,0.0
1440,Super Sport Cards,333 Main St.,Center Moriches,NY,40.80032642,-72.79153406
1441,The Baseball Card Dugout,453 Court St.,Brooklyn (New York City),NY,40.63439283,-73.95026864
1442,The Cardstore,4016 Union Rd,Cheektowaga,NY,42.9233,-78.7544
1443,The Comic Depot,2538 Route 9N (Stewarts Plaza),Greenfield Center,NY,42.22765331,-73.79352247
1444,"The Comic Depot, LLC",3065 Route 50 #D-12 (Wilton Mall),Saratoga Springs,NY,43.06742381,-73.77750786
1445,The Comic Shop,112 E. Bridge St.,Oswego,NY,43.454,-76.5191
1446,The Goblin's Cavern,611 2nd Ave.,Troy,NY,42.77644709,-73.6765479
1447,The Little Lebowski,215 Thompson St.,New York City (Manhattan),NY,0.0,0.0
1448,The Stand,1410 Gravesend Neck Rd.,Brooklyn (New York City),NY,40.63439283,-73.95026864
1449,The Vault,10 Caroline St.,Saratoga Springs,NY,43.0820669,-73.78450849
1450,Time Warp,1164 Broadway,Hewlett,NY,40.63552849,-73.70384756
1451,Tor Comics (The Comics Bookstore),997 Waverly Ave.,Holtsville,NY,40.81424282,-73.0445725
1452,Where it All Began Bat Co.,87 Main St.,Cooperstown,NY,42.70044413,-74.92460346
1453,Who's on First,199-07 34th Ave.,Flushing (New York City: Queens),NY,35.14697827,-92.33204441
1454,Wonderland Comics,1620 Penfield Rd.,Rochester,NY,43.168793,-77.61595436
1455,Wood's CV Sports Inc.,451 E Main St.,Patchogue,NY,40.76144922,-73.02924144
1456,Yankee Clipper House of Cards,274 N. Goodman St.,Rochester,NY,43.1586,-77.5847
1457,Zombie Planet,1238 Central Ave.,Albany,NY,42.66639697,-73.79868263
1458,"A. Pennyworth's Comics, News & Collectibles",11100 Monroe Rd. #O,Matthews,NC,35.1231449,-80.7302173
1459,Acme Comics,2150 Lawndale Rd.,Greensboro,NC,36.096129,-79.8162252
1460,Books Do Furnish a Room,1809 W. Markham Ave.,Durham,NC,36.0098416,-78.91970232
1461,Capitol Comics II,5212 Hollyridge Dr.,Raleigh,NC,35.8532218,-78.7005185
1462,Carolina Comics & More,4110 Dr. M. L. King Jr. Blvd. #B,New Bern,NC,35.09685768,-77.0731308
1463,Chapel Hill Comics,316 W Franklin St.,Chapel Hill,NC,35.9117983,-79.060799
1464,Classic Comics,169 Lowes Foods Dr.,Lewisville,NC,36.10288502,-80.41647645
1465,Collector's World,904F S. New Hope Rd.,Gastonia,NC,35.25246492,-81.14667391
1466,Comic Envy,1 Kenilworth Knoll #4,Asheville,NC,35.57354925,-82.53974507
1467,Comx Stop,951 B-1 Hwy. 66 S.,Kernersville,NC,36.10699768,-80.08546051
1468,Dragon's Lair,6243 Yadkin Rd. #104,Fayetteville,NC,35.1006866,-78.99035976
1469,Earth 383 Comics and Games,212 N. Martin Luther King Jr. Dr.,Elizabeth City,NC,36.29397687,-76.23494065
1470,Fanboy Comics,419 S. College Rd.,Wilmington,NC,34.23249593,-77.87491876
1471,Foundation's Edge,2526 Hillsborough St.,Raleigh,NC,35.7883586,-78.6692295
1472,GVE Comics,2900 N. Main St.,High Point,NC,35.99659853,-80.03314021
1473,Hero's Haven,1375 S. Church St.,Burlington,NC,36.0859057,-79.4531556
1474,Heroes are Here,208 S. Berkeley Blvd.,Goldsboro,NC,35.3681053,-77.9559698
1475,Heroes Aren't Hard to Find,1957 E. 7th St.,Charlotte,NC,35.2126004,-80.8179669
1476,HyperMind,3396 S. Church St.,Burlington,NC,36.0796085,-79.5109066
1477,Korner Comics,1000 S. Main St.,Laurinburg,NC,34.76442703,-79.46768113
1478,Memory Lane Comics,5725 Oleander Dr. B-5,Wilmington,NC,34.21011652,-77.84867288
1479,Nostalgia Newstand,919 Dickinson Ave.,Greenville,NC,35.60834333,-77.3779845
1480,Parker Banner Kent and Wayne,21500 Catawba Ave. #A,Cornelius,NC,35.4806103,-80.8584981
1481,"Parts Unknown, The Comicbook Store",906 Spring Garden St.,Greensboro,NC,36.0666845,-79.8031007
1482,Pastimes,175 Weaverville Hwy.,Asheville,NC,35.64825815,-82.58075098
1483,Plan 9 Comics,240 Shadowline Dr. #AA9,Boone,NC,36.20276356,-81.66141974
1484,Players Choice,5285-16 Main St.,Shallotte,NC,33.96472478,-78.39595928
1485,Rebel Base Comics & Toys,701-C S. Sharon Amity,Charlotte,NC,35.17194223,-80.80706872
1486,Sammy's Collectibles,120B W. Trade St.,Forest City,NC,35.33523269,-81.86489069
1487,Sci-Fi Genre Comics & Games,3215 Old Chapel Hill Rd. #A,Durham,NC,35.96414077,-78.94706065
1488,Spandex City Comic Book Lounge,3611 Mt. Holly-Huntersville Rd. #202,Charlotte,NC,35.3250551,-80.9463969
1489,Ssalefish Comics & Toys,3242 Silas Creek Crossing,Winston-Salem,NC,36.1032616,-80.2605782
1490,Stormcrow Comics,11234 N. Main St. #Q,Archdale,NC,35.914097,-79.97058726
1491,"Tempest Comics, Games & More",240 Wilmington Hwy.,Jacksonville,NC,34.74797461,-77.45558792
1492,The Comic Conspiracy,108 North St.,Asheboro,NC,35.70595691,-79.81513166
1493,The Comic Monstore,813 S. Jake Alexander Blvd.,Salisbury,NC,35.6432415,-80.4851195
1494,Time Tunnel Comics and Toys,1734 Hwy. 70 S.E.,Hickory,NC,35.7414664,-81.3237695
1495,Timmy Mac's Comics and Collectibles,904 W. Union St.,Morganton,NC,35.7359488,-81.7105688
1496,Ultimate Comics,756 Ninth St.,Durham,NC,36.00972252,-78.92196383
1497,Ultimate Comics,6120-A Farrington Rd.,Durham,NC,35.90974702,-78.98368002
1498,Ultimate Comics,6120A Farrington Rd.,Chapel Hill,NC,35.92694153,-79.03859526
1499,Barry's Collectors Corner,1826 S. Washington,Grand Forks,ND,47.902283,-97.0490058
1500,Collectors Universe,111 S. 5th St.,Bismarck,ND,46.8050844,-100.784469
1501,Comic Junction,1621 S. University Dr. #203,Fargo,ND,46.8548362,-96.7990565
1502,Force of Habit Hobby Shop,9 E. Central Ave.,Minot,ND,48.23654101,-101.2923291
1503,"Paradox Comics-N-Cards, Inc.",26 Roberts St.,Fargo,ND,46.8768646,-96.7909618
1504,"A & A Comics, Inc.",5017 Turney Rd.,Cleveland,OH,41.51121521,-81.56356397
1505,All American Comics,141 W. Market St.,Warren,OH,41.235973,-80.8187445
1506,All American Comics,1295 Boardman-Canfield Rd.,Boardman,OH,41.024115,-80.7037371
1507,"All Pro Cards, Comics & Coins",2357 Mahoning Ave. N.W.,Warren,OH,41.23899134,-80.81849803
1508,Alter Ego Comix,115 N. Elizabeth St.,Lima,OH,40.7405473,-84.1070114
1509,Alter Reality,15601 Detroit Rd.,Lakewood,OH,41.4850125,-81.8062185
1510,Astound! Comics,25943 Detroit Rd.,Cleveland,OH,41.51121521,-81.56356397
1511,Asylum Comics,266 Muskingum Dr.,Marietta,OH,39.4354721,-81.4643946
1512,Atomic Eye,13337 Madison Ave.,Cleveland,OH,41.51121521,-81.56356397
1513,B & B Sportscards & Supplies,1733 Pearl Rd. (Laurel Sq. S.C.),Brunswick,OH,41.24684527,-81.81990363
1514,B & L Comics Cards & Nostalgia,5591 Ridge Rd.,Parma,OH,41.40936042,-81.73443936
1515,Baseball Card Center,513 E. Main St.,Newark,OH,40.0591427,-82.3806824
1516,"Bell, Book & Comic",458 Patterson Rd.,Dayton,OH,39.7244363,-84.1616668
1517,Big Buddha Sports Cards,27 N. London St.,Mount Sterling,OH,39.7203174,-83.266515
1518,Bill's Books & More,2215 6th St. S.W.,Canton,OH,40.80815745,-81.36806196
1519,Black Hole Comix,5457 Norton Center,Columbus,OH,39.9414431,-83.1415749
1520,"Bonnett's Book Store, LLC",502 E. 5th St.,Dayton,OH,39.7570077,-84.183523
1521,Bookery Fantasy,16 W. Main St.,Fairborn,OH,39.821367,-84.0218332
1522,Books-n-Things,113 S. Broadway St.,New Philadelphia,OH,40.4891634,-81.445486
1523,Brads Books and Comic Odyssey,219 N. Main St.,Marion,OH,40.5910481,-83.1291733
1524,Cap City Comics,1915 Baltimore-Reynoldsburg Rd. (Rt. 256),Reynoldsburg,OH,39.94552727,-82.79641657
1525,Captain Comic,2105 Beechmont Ave.,Cincinnati,OH,39.092721,-84.3871721
1526,Carol & John's Comic Shop,17642 Lorain Ave.,Cleveland,OH,41.45006094,-81.81956606
1527,Castle Comics,901 Gallia St.,Portsmouth,OH,38.73428021,-82.99349731
1528,Cat's Impetuous Books,233 S. Water St.,Kent,OH,41.15213196,-81.35810203
1529,Collector's Palace,9231 State Route 14,Streetsboro,OH,41.2389682,-81.344276
1530,Comic Book City,2601 Hubbard Rd.,Madison,OH,41.80483397,-81.04844176
1531,Comic Connection,417 N Woodlawn Av.,Lima,OH,40.7444963,-84.1327846
1532,Comic Heaven,4847 Robinhood Dr.,Willoughby,OH,41.6269726,-81.4267014
1533,Comic Shop Plus,235 S. 21st St.,Newark,OH,40.04486283,-82.43137084
1534,Comic Town,320 S. State St.,Westerville,OH,40.117413,-82.9280346
1535,Comic Town III,1065 Gemini Place,Columbus,OH,40.1467616,-82.9868543
1536,Comic Town III,1249 Morse Rd.,Columbus,OH,40.0598087,-82.9862235
1537,Comic World,12413 Madison Ave.,Cleveland,OH,41.47667518,-81.77567362
1538,Comics and Friends,7850 Mentor Ave. #1054 (Great Lakes Mall),Mentor,OH,41.71349219,-81.36505177
1539,Comics Cards & Collectibles,700 Cleveland Ave. S.W.,Canton,OH,40.79420121,-81.37806587
1540,Coventry Cards & Comics,1115 Portage Lakes Rd.,Canton,OH,40.80815745,-81.36806196
1541,Dark Star Books,237 Xenia Ave.,Yellow Springs,OH,39.8054016,-83.8889212
1542,Dave's Clubhouse,1538 Brice Rd.,Reynoldsburg,OH,39.9487693,-82.8290077
1543,Derium's Collectible Card Games,1928 Portage Trail,Cuyahoga Falls,OH,41.14804932,-81.50596728
1544,Disposable Heroes Comics,4616 Navarre Rd. S.W.,Canton,OH,40.80815745,-81.36806196
1545,Diversions,10643 Kinsman Rd.,Newbury,OH,41.4631683,-81.26000521
1546,Double Play Sports Cards,2404 Old Stringtown Rd.,Grove City,OH,39.8794466,-83.0668036
1547,Elite Sportscards,43 North Ave. N.E.,Massillon,OH,40.78361192,-81.52683615
1548,Empire Game Center,164 Cherry St.,Kent,OH,41.14105516,-81.36004719
1549,Epic Loot Games and Comics,9130 Dayton-Lebanon Pike,Centerville,OH,38.89787403,-82.44577499
1550,Fanattics,2090 S. Alex Rd.,West Carrollton,OH,39.6435905,-84.2426132
1551,Fearless Readers,1613 Huffman Ave.,Dayton,OH,39.7576838,-84.1379327
1552,Freaks and Geeks Comics,2725 Hudson Dr.,Cuyahoga Falls,OH,41.1477711,-81.47274703
1553,Funnie Farm Bookstore,328 N. Dixie Dr.,Vandalia,OH,39.89589315,-84.19840403
1554,Game Emporium,8015 State St.,Garrettsville,OH,41.2872555,-81.1007548
1555,Game Trader,428 Portage Trail,Cuyahoga Falls,OH,41.13672558,-81.48739239
1556,Gaming Grounds,416 Stinaff St.,Kent,OH,41.1612205,-81.3591877
1557,Grackleflint Comics,120 N. Tuscarawas Ave. (The Dover Flea Market),Dover,OH,40.518494,-81.4787886
1558,Grand Slam Baseball Shop,903 E. 5th St.,Delphos,OH,40.8465421,-84.329254
1559,Grand Slam Sports Cards,8535 Tanglewood Square,Chagrin Falls,OH,41.43199279,-81.38868451
1560,Grandpa's Sports Cards,445 Darrow Rd.,Akron,OH,41.07611002,-81.44182093
1561,Ground Zero Comics,13349 Pearl Rd.,Strongsville,OH,41.3166352,-81.8345983
1562,Hazel's Heroes,6302B Market Ave. N.,North Canton,OH,40.874325,-81.39679791
1563,Hobby Central,28 Troy Rd.,Delaware,OH,40.30782971,-83.09016914
1564,Home Run Hobbies,3886 Broadway,Grove City,OH,39.8847397,-83.0909861
1565,Home Video & Comics,521 Market St.,East Liverpool,OH,40.6197947,-80.5796581
1566,Hooked on Cards Wholesale Warehouse,5000 Mills Industrial Parkway,North Ridgeville,OH,41.3851571,-82.01944513
1567,Hooterville Sports Cards,5102 Pleasant Ave.,Fairfield,OH,39.34090456,-84.55975379
1568,Ice Age Comics,1835 Greenbriar Rd.,Portsmouth,OH,38.75388313,-82.94439935
1569,In the Ball Park,1738 N. Memorial Dr.,Lancaster,OH,39.7320338,-82.6169959
1570,Infinite Monkey Comics & Games,27 S. Main St.,Oberlin,OH,41.29135716,-82.21731492
1571,JC Comics & Cards,2609 State St.,Cuyahoga Falls,OH,41.14355905,-81.50844347
1572,JC's Comic Stop,5239 Hill Ave.,Toledo,OH,41.6381484,-83.6659743
1573,Joe's Card Shop,344 E. National Rd.,Vandalia,OH,39.8906018,-84.1936736
1574,Journey Into Comics,147 W Main St.,Circleville,OH,39.6022928,-82.9469252
1575,Keith's Comics,394 Broad St.,Elyria,OH,41.36761206,-82.10669392
1576,Kenmore Komics & Games,1020 Kenmore Blvd.,Akron,OH,41.04247369,-81.56039101
1577,Kenton Sports Cards,930 E. Columbus St.,Kenton,OH,40.6511954,-83.5930235
1578,Kidforce Collectibles,224 Front St.,Berea,OH,41.3713507,-81.8528674
1579,"Land of Cran Comics, Inc.",4631 Whipple Ave. N.W.,Canton,OH,40.80815745,-81.36806196
1580,Line Drive Sport Cards,118 S. Washington St. #B,Tiffin,OH,41.1141595,-83.176673
1581,Lockerroom Cards and Gaming,510 Market St.,East Liverpool,OH,40.6195193,-80.5793913
1582,Malone's Comics,111 S. Main St.,Urbana,OH,40.1074394,-83.7523904
1583,"Matrix Games & Diversions, Inc.",5384 E. Lake Rd.,Sheffield Lake,OH,41.49824955,-82.07447928
1584,Maverick's,8522 Winton Rd.,Cincinnati,OH,39.14291321,-84.50366914
1585,Mavericks Cards and Comics,2312 E. Dorothy Ln.,Kettering,OH,39.7013921,-84.1216955
1586,Medina Sports Cards,110 W. Washington St.,Medina,OH,41.13794649,-81.86591328
1587,Mid-Ohio Antiques Mall,155 Cline Ave.,Mansfield,OH,40.7475002,-82.5220332
1588,Mind Game,2115 N Reynolds Rd.,Toledo,OH,41.6609404,-83.6680508
1589,Monarch Cards & Comics,4400 Heatherdowns Blvd.,Toledo,OH,41.5958458,-83.6466843
1590,Moore Comics,35505 Westerville Rd.,Westerville,OH,40.12436445,-82.92124969
1591,Mr. Cards-N-Comics,5646 Mayfield Rd.,Cleveland,OH,41.51121521,-81.56356397
1592,My Bookstore,27 S. Sandusky St.,Tiffin,OH,41.1189876,-83.1829766
1593,North Coast Nostalgia,5853 Ridge Rd.,Parma,OH,41.4034442,-81.7343104
1594,Nowhere,985 Tod Ave.,Warren,OH,41.2423033,-80.8313158
1595,Packrat Comics,109 E. 5th St.,Marysville,OH,40.2362862,-83.366515
1596,Packrat Comics,3872 Lattimer St.,Hilliard,OH,40.03097,-83.1592812
1597,Pair O Dice,1295 Barnhart Rd.,Troy,OH,40.01892896,-84.23858737
1598,Paper & Ink,98 S. Washington St.,Tiffin,OH,41.1148085,-83.1767746
1599,Parker's Records & Comics,1222 #C S.R. 28,Milford,OH,40.17907681,-83.43809364
1600,Queen City Comic & Card Co.,6101 Montgomery Rd.,Cincinnati,OH,39.1824572,-84.4270852
1601,Rainbow Comics & Cards,7510 Market St. #6,Youngstown,OH,41.09932866,-80.64631871
1602,Realm Comics,19 East Main St.,Shelby,OH,40.8814948,-82.659023
1603,"Recess, Ltd.",288 Great Northern Mall,North Olmstead,OH,41.4149827,-81.91903076
1604,Rockin' Rooster Comics & Games,5000 Glenway Ave.,Cincinnati,OH,39.1219384,-84.6013757
1605,Rodney the Complete Bookshop,144 S. Water St.,Kent,OH,41.1530042,-81.3583549
1606,Rookie's Den,112 S. Main St.,Clyde,OH,41.3048361,-82.9746695
1607,Rupp's Comics,335 N. Ohio Ave.,Fremont,OH,41.3483748,-83.1052069
1608,Schumer's Baseball Cards and Comics,9144 Dayton-Lebanon Pike (St. Rt. 48),Centerville,OH,38.89787403,-82.44577499
1609,Sci-Fi City,9527 Colerain Ave. (Northgate Mall),Cincinnati,OH,39.14291321,-84.50366914
1610,Shoeless Joe's,6123 Bridgetown Rd.,Cincinnati,OH,39.14291321,-84.50366914
1611,Special Edition Sports Cards,197 W. Main St.,Cortland,OH,41.3299631,-80.7287258
1612,Spellbinders,124 E. Main St. #5 (in back),Kent,OH,41.1536418,-81.3575312
1613,Sportmark,6300 S. Union Rd.,Miamisburg,OH,39.6535285,-84.3061301
1614,Sports Center Cards,815 N. Lexington Springmill Rd.,Mansfield,OH,40.76557206,-82.52756264
1615,Super-Fly Comics & Games,132 Dayton St.,Yellow Springs,OH,39.8074879,-83.8892053
1616,Tarot Readings by Amy / House of What-Not,824 W. Market St.,Akron,OH,41.09701989,-81.54479277
1617,TCI Sports Fan,3962 Linden Ave.,Dayton,OH,39.7454949,-84.1249237
1618,The Book Nook,1016 Tiffin Ave.,Findlay,OH,41.0495081,-83.6310053
1619,The Comic Stop,122 S. Broadway St.,New Philadelphia,OH,40.48924287,-81.44571324
1620,The Dungeon,2367 North Ridge Rd.,Lorain,OH,41.44096014,-82.18391979
1621,The Game Room,3001 W. Sylvania Ave.,Toledo,OH,41.691791,-83.6163801
1622,The Laughing Ogre,4258 N. High St.,Columbus,OH,40.0489039,-83.0199281
1623,The News Stand,120 E. Mill St. (Quaker Square),Akron,OH,41.08105506,-81.51475523
1624,The Toy Chest,1316 S. Main St.,Canton,OH,40.80815745,-81.36806196
1625,The Toys Time Forgot,137 Cherry St. E.,Canal Fulton,OH,40.8899871,-81.5969699
1626,Triple Play Sports Cards & Memorabilia,399 S. State St.,Westerville,OH,40.1144552,-82.9284029
1627,Uncle Dave's Comix and Hobby Store,1399 Marion-Waldo Rd. (Southland Mall),Marion,OH,40.56059352,-83.1186674
1628,Universal Comics,2516 Harrison Ave. N.W.,Canton,OH,40.8231668,-81.3931758
1629,Universe of Superheroes,17 W. Washington St.,Athens,OH,39.3291022,-82.102036
1630,Up Up & Away!,4016 Harrison Ave.,Cincinnati,OH,39.1576057,-84.61548982
1631,World's Greatest Comics,5858 Westerville Rd.,Westerville,OH,40.12436445,-82.92124969
1632,York Comics,7390 York Rd.,Parma,OH,41.3646439,-81.7602377
1633,YottaQuest,7607 Hamilton Ave.,Cincinnati,OH,39.14291321,-84.50366914
1634,All-Star Comics,6900 N. May Ave. #10,Oklahoma City,OK,35.541734,-97.5651584
1635,All-Time Records,804 Callahan,Muskogee,OK,35.7459992,-95.3559879
1636,Atomik Pop,7884 S. Western,Oklahoma City,OK,35.3878315,-97.5294544
1637,Atomik Pop,918 W. Main St.,Norman,OK,35.2181451,-97.4564812
1638,Book Rack,1717 S. Air Depot Blvd.,Midwest City,OK,35.4476716,-97.4064804
1639,Carolina Comics,"305 S.W. ""C"" Ave.",Lawton,OK,34.60529705,-98.39211412
1640,Comic Empire of Tulsa,3122 S. Mingo Rd.,Tulsa,OK,36.11675473,-95.86874708
1641,Doomsday Clock LLC,1304 A N.Elm Pl.,Broken Arrow,OK,36.0663605,-95.79753721
1642,Gardner's Used Books Music & Comics,4421 S. Mingo Rd.,Tulsa,OK,36.0992684,-95.868064
1643,Hall of Heroes,119 E. Grand Ave.,Ponca City,OK,36.70375115,-97.08273191
1644,Impulse Creations,5840 S. Memorial Dr. #209,Tulsa,OK,36.0777759,-95.8870822
1645,Lawton Booksellers & Comic Shop,1601 W. Gore Blvd.,Lawton,OK,34.60888019,-98.41256212
1646,Legendary Comics,221 S. Perkins Rd.,Stillwater,OK,36.1204999,-97.0509591
1647,Limey Dragon Games and Hobbies,5606 S.E. 15th St.,Midwest City,OK,35.44951387,-97.42358423
1648,Mammoth Comics,4616 E. 11 St.,Tulsa,OK,36.13544967,-95.91306967
1649,New World Comics,6219 N. Meridian Ave.,Oklahoma City,OK,35.5352079,-97.6016827
1650,New World Games & Comics,4435 S.E. 29th St.,Del City,OK,35.43531965,-97.43995777
1651,Scoreboard Cards,114 S. Main St.,Owasso,OK,36.26492665,-95.85509187
1652,Second Chance Books & Comics,3909 N. MacArthur Blvd.,Warr Acres,OK,35.50987046,-97.61902713
1653,Speeding Bullet Comics,614 N. Porter Ave.,Norman,OK,35.22702164,-97.4411732
1654,Starbase 21,2130 S. Sheridan Rd.,Tulsa,OK,36.13287527,-95.90470026
1655,The Cave,101 S. Broadway Ave.,Ada,OK,34.77449272,-96.67870509
1656,Time Warp,209 S. Comanche Ave.,Bartlesville,OK,36.74984939,-95.96285949
1657,Vintage Stock,7257 S. Olympia Ave.,Tulsa,OK,36.13544967,-95.91306967
1658,Vintage Stock,5353 E. 41st St.,Tulsa,OK,36.10447368,-95.9163761
1659,Vintage Stock,6808 S. Memorial Dr.,Tulsa,OK,36.06441385,-95.88629574
1660,Vintage Stock,9045 N. 121 East Ave.,Owasso,OK,36.2875553,-95.8358603
1661,Vintage Stock,7407 N. May Ave.,Oklahoma City,OK,35.5458441,-97.5662182
1662,Vintage Stock,1700 24th Ave. N.W.,Norman,OK,35.23349204,-97.34708663
1663,Vintage Stock,2570 S. Service Rd.,Moore,OK,35.314989,-97.4889867
1664,Vintage Stock,7201 S.E. 29th St. #208,Midwest City,OK,35.43531913,-97.40444957
1665,Vintage Stock,30 East 33rd St.,Edmond,OK,35.62341178,-97.48607672
1666,Vintage Stock,2409 W. Kenosha St.,Broken Arrow,OK,36.06103712,-95.76039632
1667,Wizard's Asylum Comics & Games,7165 S. Mingo Rd.,Tulsa,OK,36.05505335,-95.86843924
1668,Wizards Asylum Comics & Games,749 Jenkins Ave.,Norman,OK,35.212089,-97.4409343
1669,World of Comics,5623 E. 41st St.,Tulsa,OK,36.10445995,-95.91350111
1670,Amazing Stories,1405 Commercial St.,Astoria,OR,46.18896735,-123.8272711
1671,American Sports,1824 N.E. Division St. #C,Bend,OR,44.07056017,-121.3057847
1672,Ancient Wonders,19060 S.W. Boones Ferry Rd.,Tualatin,OR,45.38178541,-122.7641841
1673,Bluesbooter's Entertainment Emporium,498 Church St. N.E.,Salem,OR,44.92329071,-123.0249508
1674,Book Bin - ComixBook.com,450 Court St. N.E.,Salem,OR,44.92329071,-123.0249508
1675,Book Bin - ComixBook.com,215 S.W. 4th St.,Corvallis,OR,44.56572111,-123.2613149
1676,Borderlands Games,546 High St. N.E.,Salem,OR,44.92329071,-123.0249508
1677,Bridge City Comics,3725 N. Mississippi Ave.,Portland,OR,45.54974059,-122.6756377
1678,Comic Connection,5056 Commercial St.,Salem,OR,44.88186557,-123.0300395
1679,Comics Unlimited,2048 Sherman Ave.,North Bend,OR,43.40591636,-124.2241197
1680,Cosmic Monkey Comics,5335 N.E. Sandy Blvd.,Portland,OR,45.54091462,-122.6081227
1681,Counter Media,927 S.W. Oak St.,Portland,OR,45.52015909,-122.6570356
1682,Critical Hit Games,2095 N.W. Aloclek Dr. #1114,Hillsboro,OR,45.53485727,-122.8970712
1683,Danger Zone Entertainment,1071 Commercial St. S.E.,Salem,OR,44.93056452,-123.0444166
1684,DragonVine,3000 Gateway St. #718,Springfield,OR,44.07581432,-123.0423249
1685,Emerald City Comics,770 E. 13th Ave.,Eugene,OR,44.045427,-123.0807386
1686,Evolution Gaming,2475 Hilyard St.,Eugene,OR,44.03249191,-123.0816741
1687,Excalibur Books & Comics,2444 S.E. Hawthorne Blvd.,Portland,OR,45.51198647,-122.6408353
1688,Fiction Addiction,8128 N. Denver Ave.,Portland,OR,45.58185733,-122.6867963
1689,Floating World Comics,20 N.W. 5th Ave. #101,Portland,OR,45.5229451,-122.6753057
1690,Future Dreams,1847 E. Burnside St. #116,Portland,OR,45.52326118,-122.646914
1691,Guapo Comics & Books,6416 S.E. Foster Rd.,Portland,OR,45.48969181,-122.5971347
1692,Guardian Games,303 S.E. 3rd Ave.,Portland,OR,45.52450521,-122.662819
1693,Heroes Haven,635 S.E. Jackson St.,Roseburg,OR,43.20819849,-123.3444506
1694,Hoopla Sports Cards,8120 S.W. Beaverton Hillsdale Hwy.,Portland,OR,45.5371811,-122.6499872
1695,Iguana Comics & Gifts LLC,329 N.E. 6th St.,Grants Pass,OR,42.44099211,-123.3258316
1696,Iguana Comics and Gifts,2751 N. Pacific Hwy.,Medford,OR,42.3493181,-122.8917753
1697,Jim's Trading Post,29335 Salmon River Hwy.,Grand Ronde,OR,45.05839821,-123.6271161
1698,Just For Fun,3275 S.W. Cedar Hills Blvd.,Beaverton,OR,45.49569214,-122.8093535
1699,Knightfall Games,9955 S.W. Beaverton Hillsdale Hwy. #117,Beaverton,OR,45.48662164,-122.7785491
1700,Matt's Cavalcade of Comics,2075 N.W. Buchanan,Corvallis,OR,44.56904052,-123.2777716
1701,Mike's Comic Collectibles,15010 S.E. McLoughlin Blvd. #8,Milwaukie,OR,45.44447353,-122.6219526
1702,More Fun,105 E. Main,Ashland,OR,42.1960033,-122.7123974
1703,Neverland Comics,150 N.E. Garden Valley Blvd.,Roseburg,OR,43.22205176,-123.3522361
1704,Neverland Comics,1439 N.E. 6th St.,Grants Pass,OR,42.45413269,-123.3225013
1705,Nostalgia Collectibles,527 Willamette St.,Eugene,OR,44.05403658,-123.0926398
1706,Other Worlds Games,6350 S.W. Capitol Hwy.,Portland,OR,45.4778984,-122.6974419
1707,Pegasus Books of Bend,105 N.W. Minnesota Ave.,Bend,OR,44.05818082,-121.3132284
1708,Periodicals & Books Paradise,3315 S.E. Hawthorne.,Portland,OR,45.5371811,-122.6499872
1709,Powell's Books in Beaverton,8725 S.W. Cascade Ave.,Beaverton,OR,45.45594221,-122.7850657
1710,Powell's City of Books,1005 W. Burnside,Portland,OR,45.52319611,-122.6814245
1711,Rainy Day Games,1235 N.W. 185th,Aloha,OR,45.49204734,-122.8726102
1712,Reading Frenzy,921 S.W. Oak St.,Portland,OR,45.52015952,-122.657066
1713,She Said Gifts He Said Comics,120 Maple St. Old Town,Florence,OR,43.96748249,-124.1057037
1714,Sports Room Trading Cards and Memorabilia,14740 N.W. Cornell Rd. #100,Portland,OR,45.5371811,-122.6499872
1715,Things from Another World,4133 N.E. Sandy Blvd.,Portland,OR,45.53570905,-122.6210888
1716,Things from Another World,10977 S.E. Main St.,Milwaukie,OR,45.44341945,-122.641183
1717,Things from Another World,4390 S.W. Lloyd Ave.,Beaverton,OR,45.48829781,-122.8120217
1718,Tony's Kingdom of Comics,5420 River Road Dr. N.E.,Keizer,OR,45.00290488,-123.0239092
1719,1up Collectibles,516 Penn Ave.,West Reading,PA,40.33560174,-75.94800888
1720,Abington Game and Hobby Center,1560 Easton Rd.,Abington,PA,40.13193401,-75.12637746
1721,Above-N-Beyond Comics,1126 W. 26th St.,Erie,PA,42.10316425,-80.09759063
1722,America's Most Wanted Collectibles,812 Whitehall Mall,Williamsport,PA,41.23976251,-77.03713
1723,Atomic City Comics (Showcase Comics),640 South St.,Philadelphia,PA,39.9419925,-75.1535163
1724,Ballpark Sports Cards,1812 W. Tilghman St.,Allentown,PA,40.60538981,-75.49938057
1725,Beachead Comics,1601 Chew St.,Allentown,PA,40.6015566,-75.4923717
1726,Bell's Comics & Trading Cards,25 Pine Grove Square,Grove City,PA,41.15714167,-80.08933304
1727,Bennie's Comics and Cards,462 Sharpsville Ave.,Sharon,PA,41.2393251,-80.5031672
1728,Blue Line Collectibles,1740 Ritner St.,Philadelphia,PA,39.9212865,-75.1768283
1729,Books Galore,5546 Peach St.,Erie,PA,42.1166824,-80.07314347
1730,Brave New Worlds,433 West Moreland Rd.,Willow Grove,PA,40.14447135,-75.12207954
1731,Brave New Worlds,45 N. Second St.,Philadelphia,PA,39.95112328,-75.1433812
1732,Bushkill Cards and Games,708 A South Broadway,Wind Gap,PA,40.83995432,-75.2957962
1733,Calliope Comics,519 Valentine Hill Rd.,Bellefonte,PA,40.91412219,-77.76834182
1734,Captain Blue Hen Comics,1800 Lincoln Hwy. E.,Lancaster,PA,40.04213987,-76.30100747
1735,CCGs Cards Comics and Games,4020 Liberty Ave.,Pittsburgh,PA,40.46271852,-79.9563526
1736,Clarks Cards & Creations,12 S. Main St.,Yeagertown,PA,40.64058679,-77.57800658
1737,Collectors Corner,922 Buffalo Rd.,Lewisburg,PA,40.96412644,-76.88995761
1738,Comic & Hobby Connection,3 W. Olive St.,Scranton,PA,41.416968,-75.6641799
1739,Comic Books 101,106 N. Kerr St.,Titusville,PA,41.6277887,-79.667118
1740,"Comic Collection, Toys & Compact Discs",931 Bustleton Pike,Feasterville,PA,40.15400138,-74.99156244
1741,"Comic Masters, Inc.",812 Whitehall Mall,Whitehall,PA,40.36020509,-79.98979347
1742,Comic Store West,2111 Industrial Hwy.,York,PA,39.97785707,-76.68686525
1743,"Comic Swap, Inc.",110 S. Fraser St.,State College,PA,40.79346252,-77.8627645
1744,Comic Treasures,534 Burmont Rd.,Drexel Hill,PA,39.94611005,-75.30075405
1745,Comic Universe,446 MacDade Blvd.,Folsom,PA,39.8889231,-75.32676296
1746,Comics and Paperbacks Plus,201 E. Main St.,Palmyra,PA,40.30887134,-76.59328943
1747,Comics and Paperbacks Plus / The Fun-est Toy Store Ever!,24 E Main St.,Ephrata,PA,40.1784504,-76.1766218
1748,Comics on the Green,307 N. Washington Ave.,Scranton,PA,41.40925761,-75.66234833
1749,Comics World,1002 Graham Ave.,Windber,PA,40.23858699,-78.83532316
1750,Comix Connection,6200 Carlisle Pike #C,Mechanicsburg,PA,40.2439402,-76.995645
1751,Comix Universe,130 Eisenhauer Dr.,Hanover,PA,39.82400285,-76.99556293
1752,Cool Stuff,417 Burmont Rd.,Drexel Hill,PA,39.94471915,-75.2979208
1753,Cult Fiction Comics,3103 Chichester Ave.,Boothwyn,PA,39.83565613,-75.44533201
1754,Cyborg One,44 Rear East State St.,Doylestown,PA,40.31391804,-75.12804792
1755,DMB's Baseball Cards,8 Marticville Rd.,Lancaster,PA,39.98496186,-76.31474042
1756,Don's Collectibles,13 E. Main St.,Strasburg,PA,39.9830053,-76.1775987
1757,Dragon's Lair,106 Meadville St.,Edinboro,PA,41.8737073,-80.1320823
1758,Dreamscape Comics,302 W. Broad St.,Bethlehem,PA,40.6227614,-75.3870115
1759,"Duncan Comics, Books, & Accessories",1047 Perry Hwy.,Pittsburgh,PA,40.43946574,-79.97631573
1760,Eide's Entertainment,1111 Penn Ave.,Pittsburgh,PA,40.44524965,-79.99344452
1761,Fantasy Cards & Comics,340 North St.,Meadville,PA,41.64045401,-80.14872906
1762,Fat Jack's Comicrypt,2006 Sansom St.,Philadelphia,PA,39.95114535,-75.17398266
1763,Game Again,20550 S.R. 19 #5 (Piazza Plaza),Cranberry Township,PA,40.7104004,-80.10589002
1764,Garden of Earthly Delights,7907 Bustleton Ave.,Philadelphia,PA,40.0569184,-75.0527841
1765,Golden Unicorn Comics,860 Alter St.,Hazleton,PA,40.96917794,-75.98049399
1766,H & H Sports & Supplies,3251-D Old Frankstown Rd.,Pittsburgh,PA,40.43946574,-79.97631573
1767,Hall of Hobbies,8 E. Washington St.,New Castle,PA,40.999592,-80.3467265
1768,"High-Tsch Cards, Inc.",1244 W. Hamilton St.,Allentown,PA,40.59902567,-75.48302549
1769,Humungo Comics,Routes 724 & River Road/Laurel Rd,Pottstown,PA,40.25077539,-75.64442451
1770,Infinity Music & More,4564 William Penn Hwy.,Murrysville,PA,40.42570686,-79.67264557
1771,Joy's Japanimation,209 Foster St.,Greensburg,PA,40.31125351,-79.54439856
1772,Lancaster Sports Cards,3545 Marietta Ave. #K,Lancaster,PA,40.04213987,-76.30100747
1773,Left Field Hobbies,115 Mill St.,Milford,PA,41.3243439,-74.80907058
1774,McRae's Li'l Comic Shop,505 Pennsylvania Ave.,Matamoras,PA,41.36666906,-74.70270275
1775,New Dimension Comics,3075 Clairton Rd. #940 (Century III Mall),West Mifflin,PA,40.3380428,-79.94364416
1776,New Dimension Comics,516 Lawrence Ave.,Ellwood City,PA,40.8587573,-80.2881187
1777,New Dimension Comics,20550 S.R. 19 #20 (Piazza Plaza),Cranberry Township,PA,40.7104004,-80.10589002
1778,New Dimension Comics,101 Clearveiw Circle,Butler,PA,40.86155473,-79.89617063
1779,Ontario Street Market,2235 E. Ontario St.,Philadelphia,PA,40.0067232,-75.1663865
1780,Phantom of the Attic,Parkway Center Mall,Pittsburgh,PA,40.43946574,-79.97631573
1781,Phantom of the Attic,3766 William Penn Hwy.,Monroeville,PA,40.43595216,-79.7853555
1782,Phantom of the Attic in Oakland (House of Comics),406 S. Craig St.,Pittsburgh,PA,40.4450327,-79.94907012
1783,Phantom of the Attic in Oakland (House of Gaming),214 S. Craig St.,Pittsburgh,PA,40.44589859,-79.94907415
1784,Pittsburgh Comics,113 E. McMurray Rd.,McMurray,PA,40.2814686,-80.08743202
1785,R and I Computer and Sports Cards,1621 Columbia Ave.,Lancaster,PA,40.03827902,-76.34702052
1786,RKO Video Rentals & South Philly Comics,1621 East Passyunk Ave.,Philadelphia,PA,39.9293633,-75.1637704
1787,Shaffer's Trading Cards,2849 Westbranch Hwy.,Lewisburg,PA,40.96412644,-76.88995761
1788,Showcase Comics,Granite Run Mall,Media,PA,39.91985925,-75.38891352
1789,Showcase Comics,874 W. Lancaster Ave.,Bryn Mawr,PA,40.02263784,-75.32088448
1790,Six Feet Under Games,844 W. Main St.,New Holland,PA,40.10082281,-76.08998042
1791,Somewhere In Time Collectibles,1544 Rt. 61 Hwy. S. #6191,Pottsville,PA,40.67985395,-76.20920834
1792,Sport Collector's Universe,1368 Mall Run Rd.,Uniontown,PA,39.89932021,-79.72446406
1793,Sports Card Junction,1039 Northway Mall,Pittsburgh,PA,40.43946574,-79.97631573
1794,Steve's Comic Relief,4153 Woerner Ave.,Levittown,PA,40.15130251,-74.85794194
1795,Swap 'N Shop,145 E. State St.,Quarryville,PA,39.8984287,-76.1594226
1796,That Game Place,230 S. 8th St.,Lemoyne,PA,40.24145047,-76.89856716
1797,The Adventurers Guild,5570 Derry St.,Harrisburg,PA,40.27521092,-76.88424827
1798,The Card Kid Emmaus,326 Main St.,Emmaus,PA,40.5350657,-75.4905241
1799,The Comic Store,28 McGovern Ave.,Lancaster,PA,40.04213987,-76.30100747
1800,The Compleat Strategist,580 Shoemaker Rd.,King of Prussia,PA,40.08119015,-75.35680805
1801,The Copacetic Comics Company,3138 Dobson St.,Pittsburgh,PA,40.4574135,-79.96596868
1802,The Marvelous,208 S. 40th St.,Philadelphia,PA,39.95403237,-75.20269741
1803,The Portal Comics and Gaming,2005 Willow Park Rd.,Bethlehem,PA,40.64439833,-75.33245764
1804,The Sports Collector,4312 Division Hwy.,East Earl,PA,40.11738,-76.0437438
1805,The York Emporium,343 W. Market St.,York,PA,39.96008039,-76.73571884
1806,Unknown Comic & Games,721 Mulberry St.,Scranton,PA,41.40845584,-75.65795129
1807,Video Library & West Philly Comics,4040 Locust St.,Philadelphia,PA,39.95287785,-75.20479631
1808,Wade's Comic Madness,8750 New Falls Rd.,Levittown,PA,40.17380726,-74.83175082
1809,WatchWorks Comics,204 Elizabeth St.,North Versailles,PA,40.37962882,-79.8055181
1810,White Dragon Comics,51 N. 3rd St.,Stroudsburg,PA,40.9899564,-75.1903675
1811,Allsport Collectibles,8 Market St.,Warren,RI,41.7309354,-71.2824363
1812,"Annex Comics, Inc.",314 Broadway,Newport,RI,41.4986076,-71.3073345
1813,Cards-N-Comics,1221 Atwood Ave.,Johnston,RI,41.8060688,-71.4907014
1814,Fantasy Zone Comics,7610 Post Rd.,North Kingstown,RI,41.5908496,-71.456699
1815,High Rollers Sports Cards,2038 Smith St.,North Providence,RI,41.8577341,-71.4848759
1816,Rah-Coco's Collectables,152 W. Park St.,Providence,RI,41.83221509,-71.42272119
1817,The Comic Doctor,780 Oaklawn Ave.,Cranston,RI,41.7512137,-71.477398
1818,The Game Keeper Inc.,1005 Main St.,Pawtucket,RI,41.862905,-71.3994122
1819,The Incredible Pulp,140 Point Judith Rd. (Mariner Square),Narragansett,RI,41.4258196,-71.4803546
1820,The Temple Games,167 Columbus Ave.,Pawtucket,RI,41.8703162,-71.3654532
1821,The Time Capsule,537 Pontiac Ave.,Cranston,RI,41.7724686,-71.4372954
1822,Woonsocket Collectible Authorities,575 Cumberland Hill Rd.,Woonsocket,RI,41.9973352,-71.4905784
1823,Apocalypse Comics,710 U.S. Hwy. 17 S.,North Myrtle Beach,SC,33.8250211,-78.6868108
1824,Borderlands,1434 Laurens Rd.,Greenville,SC,34.8437429,-82.3644315
1825,Capt. Lou's Comics & Toys,1209-D Sam Rittenberg Blvd.,Charleston,SC,32.81943025,-79.99198059
1826,Clemson Newsstand,102 N. Clemson Ave.,Clemson,SC,34.68398692,-82.83854474
1827,Corsair Comics,807 Main St.,Myrtle Beach,SC,33.6935906,-78.8840661
1828,Dave's Comics & Cards,206 Main St.,Fort Mill,SC,35.0076302,-80.9439912
1829,Dunlap Comics & Cards,1994 Carolina Ave.,Orangeburg,SC,33.5046597,-80.8607192
1830,Green Dragon,7671 Northwoods Blvd. #5-T,North Charleston,SC,32.93781168,-80.04593628
1831,Heroes & Dragons Mega-Store,510 Bush River Rd.,Columbia,SC,34.0297833,-80.8965664
1832,Legends Comics,702 S. Irby St.,Florence,SC,34.1859192,-79.76717
1833,Planet Comics,2704 N. Main St.,Anderson,SC,34.530277,-82.6611076
1834,"Richard's Comics & Collectables, LLC",1214A Laurens Rd.,Greenville,SC,34.8458135,-82.3678213
1835,Silver City Comics,538 Knox Abbott Dr.,Cayce,SC,33.98488028,-81.05686355
1836,The Fine Art of Baseball,7201 Two Notch Rd. #BU-648 (Columbia Place Mall),Columbia,SC,34.0297833,-80.8965664
1837,The Tangled Web,414 W. Blackstock Rd.,Spartanburg,SC,34.94303171,-81.99285047
1838,Dragon's Den,3801 W. 34th St. #115,Sioux Falls,SD,43.5199761,-96.7738221
1839,Rainbow Sportscards,2916 S. Minnesota Ave.,Sioux Falls,SD,43.51835012,-96.73116284
1840,Storyteller Book Shoppe,520 6th St.,Rapid City,SD,44.080848,-103.2269974
1841,All American Cards & Comics,5043 Navy Rd.,Millington,TN,35.3411743,-89.8949452
1842,Atomik Comiks,213 E. Main St.,Johnson City,TN,36.0831577,-87.7905811
1843,Big D's Baseball Cards,1062 N. Washington Ave.,Cookeville,TN,36.1764756,-85.49686738
1844,Blackthorn Gamecenter,1430 Hwy. 70 E.,Dickson,TN,36.08089849,-87.34921219
1845,Bob's Collectors Den,206 E. 9th St.,Cookeville,TN,36.1744738,-85.5020347
1846,Book Nook,1435 S. Highland Ave.,Jackson,TN,35.5736266,-88.8153893
1847,Clinton Cards Comics and Collectibles,372 Market St.,Clinton,TN,36.1039731,-84.1304376
1848,Collectibles Unlimited South,317 N. Spring,Sparta,TN,35.93479104,-85.47244079
1849,"Comic Cellar Cards, Comics & Games",3620-2 Austin Peay Hwy.,Memphis,TN,35.22434212,-89.90586777
1850,Comic Connection,2128C Ft. Campbell Blvd.,Clarksville,TN,36.60274162,-87.42382323
1851,Comics & Collectibles,4730 Poplar Ave. #2,Memphis,TN,35.1154917,-89.9040733
1852,Comics Exchange,3711 Chapman Hwy.,Knoxville,TN,35.94002056,-83.90965858
1853,Comics Universe,1869 U.S. Hwy. 45 Bypass,Jackson,TN,35.65107934,-88.82927257
1854,Dewayne's World of Comics & Games,459 E. Sullivan St.,Kingsport,TN,36.54555546,-82.55533742
1855,Evermore Comics & Games,1451 E. Center St.,Kingsport,TN,36.53958123,-82.5352713
1856,Game Depot,41 N. Cedar Ave.,Cookeville,TN,36.1653343,-85.5074164
1857,Games Plus,505 S. Gallatin Rd.,Madison,TN,36.258226,-86.7132923
1858,Grand Adventures Comics & Games,803 N. Thompson Ln. #102A,Murfreesboro,TN,35.8598521,-86.4306772
1859,Heroes Legacy,134 University Ave.,Clarksville,TN,35.6952803,-88.8244078
1860,Marty's Sports Card Exchange Superstore,6851 Lee Hwy.,Chattanooga,TN,35.0419889,-85.1676261
1861,Mountain Empire Comics,1210 N. Roan St.,Johnson City,TN,36.3253745,-82.3617751
1862,Organized Play Comics and Games,131 S. Central St.,Knoxville,TN,36.5208524,-82.7111274
1863,Outer Limits Boro,810 N.W. Broad St. #248,Murfreesboro,TN,35.8550249,-86.4016439
1864,Outer Limits Comics,116 Watson Glen Shopping Center,Franklin,TN,35.91378511,-86.83254671
1865,Rick's Comic City,2628 Old Lebanon Rd.,Nashville,TN,36.16998019,-86.67215106
1866,S & G Comics and Collectibles,464 Forks of the River Pkwy.,Sevierville,TN,35.86223993,-83.56639718
1867,Sci-Fi City,3001 Knoxville Center Dr. #1270,Knoxville,TN,35.9708752,-83.9464787
1868,The Book Shelf,1925 W. Andrew Johnson Hwy.,Morristown,TN,36.2063199,-83.3178526
1869,The Game Plan LLC,610 W. College St. #155,Murfreesboro,TN,35.8491513,-86.3971774
1870,The Great Escape,5400 Charlotte Ave.,Nashville,TN,36.1519603,-86.8540125
1871,The Great Escape,111 Gallatin Rd. N.,Madison,TN,36.2643227,-86.713565
1872,The Stronghold,....,Bulls Gap,TN,36.26171521,-83.07833753
1873,"Wacker Sportscards & Comics, Inc.",244 Dover Rd. #5,Clarksville,TN,36.55037887,-87.40126809
1874,3rd Coast Cards,20829-A Kingland Blvd.,Katy,TX,29.79110761,-95.82679839
1875,Action Pit,11233 Kingfish Ct.,El Paso,TX,31.77351082,-106.3053122
1876,Al's Sports Cards,5155 E. Lancaster Ave.,Ft. Worth,TX,0.0,0.0
1877,Alien Worlds,1255 S.W. Loop 410 #149,San Antonio,TX,29.47332284,-98.52542111
1878,Alien Worlds,6900 San Pedro #121,San Antonio,TX,29.50609,-98.4985993
1879,All Star Comics,3520 Hwy. 365,Nederland,TX,29.98490542,-94.00430769
1880,All-Star Cards,6724 San Pedro Ave.,San Antonio,TX,29.501356,-98.4986972
1881,Allstar Comics & Games,4406 Dyer St.,El Paso,TX,31.81569083,-106.4445823
1882,America's Heroes Comics and Games,104 W. Rancier Ave.,Killeen,TX,31.1264408,-97.7288993
1883,Anime Hideaway,1490 Valley Ridge #110,Lewisville,TX,33.04498764,-96.9782504
1884,Astral Castle Books & Games,10 Meta Dr.,Midland,TX,31.9939685,-102.1008877
1885,Atomic Comics and Gaming,3420 N. St. Marys St.,San Antonio,TX,29.4562571,-98.479541
1886,Austin Books-Comics & Science Fiction,5002 N. Lamar Blvd.,Austin,TX,30.31785135,-97.73150491
1887,Awesome Cards & Comics,8510 Abrams Rd.,Dallas,TX,32.8943091,-96.7392433
1888,"Bankston's Sports, Comics & Collectibles",1321 S. Valley Mills Dr.,Waco,TX,31.52574454,-97.14717042
1889,"Baseball Fever, Inc.",3544 Hwy. 6,Sugar Land,TX,29.59002718,-95.59925809
1890,BCS Books and Comics,701 Inwood Dr.,Bryan,TX,30.63393057,-96.34168409
1891,Beanie Planet,4216-D N. Mesa St.,El Paso,TX,31.79552232,-106.5109304
1892,Bedrock City Comic Co.,106 W. Bay Area Blvd.,Webster,TX,29.54389708,-95.13563791
1893,Bedrock City Comic Co.,10910 Old Katy Rd.,Houston,TX,29.7864355,-95.5720251
1894,Bedrock City Comic Co.,4683 FM 1960 W.,Houston,TX,30.01641813,-95.35732807
1895,Bedrock City Comic Co.,6517 Westheimer Rd.,Houston,TX,29.73743583,-95.49982405
1896,Big Apple Comics & Collectibles,4561 S. Western St.,Amarillo,TX,35.1616189,-101.8833481
1897,Big World Comics,4329 Gus Thomasson,Mesquite,TX,32.82173517,-96.64431855
1898,Big World Comics,1104 E. Beltline Rd.,Carrollton,TX,32.9534523,-96.9061934
1899,Black 7 Comics,1110 W. Main St.,Lewisville,TX,26.2310396,-98.4454003
1900,Black Dog Accessories,312 East Main,Eagle Lake,TX,29.5876468,-96.3328119
1901,Book Center & Baseball Card Shop,218 Bonham St.,Paris,TX,33.6616183,-95.558486
1902,Book Stan,204 N. Ft. Hood Rd. #D,Killeen,TX,31.12157702,-97.74254085
1903,Book Stan,6055 Phelan Blvd.,Beaumont,TX,30.078939,-94.1658137
1904,Books 2 Enjoy,3161 S. 23rd St.,Abilene,TX,32.4208948,-99.7614897
1905,Books Comics & Things,409 E. Hwy. 190,Copperas Cove,TX,31.11697741,-97.90269999
1906,Boomerang Comics,729 Hebron Pkwy. #190,Lewisville,TX,33.0106398,-96.968746
1907,Boomstick Comics,408 N. Bishop Ave. #101,Dallas,TX,32.7483135,-96.828045
1908,Box Seat Sportcards,415 W. Main St.,Denison,TX,30.2705843,-98.8662559
1909,Brownsville Comics,330 E. Jefferson St.,Brownsville,TX,25.90857852,-97.50230917
1910,Bruce's What's on Second,4177 Naco Perrin Blvd.,San Antonio,TX,29.54464272,-98.41176803
1911,Canada's Book Store,517 E. Davis St.,Conroe,TX,30.3136312,-95.45132652
1912,Capstone Comics,2121 W. Parmer Ln. #107,Austin,TX,30.4156493,-97.6975694
1913,Cards & Comics Connection,1211 North Loop 336 W. #G,Conroe,TX,30.31720281,-95.46964086
1914,Carmona Collectibles,1200 N. Magnolia St.,Woodville,TX,28.035396,-97.0514248
1915,Cloud 9 Sports Cards,4555 E. University Blvd.,Odessa,TX,31.8940547,-102.3156679
1916,Collectors Authority,1534 S.E. Military Dr. #106,San Antonio,TX,29.3521793,-98.4726538
1917,Comic Asylum,905 N. Jupiter Rd. #170,Richardson,TX,32.97165821,-96.70930539
1918,Comic Book Craze,1456 Belt Line Rd. #121,Garland,TX,32.9438095,-96.6496748
1919,Comic Relief,1330 Aquarena Springs Dr.,San Marcos,TX,29.8922402,-97.9219842
1920,Comics & Cards,7366 Louetta Rd.,Spring,TX,27.76152923,-97.74187314
1921,Comics & Collectibles,2608 S. 14th St.,Abilene,TX,32.4323196,-99.7542121
1922,Comics Kingdom,8095 Phelan Blvd.,Beaumont,TX,30.0754359,-94.1852014
1923,Comics Plus,5425 S. Padre Island Dr. #145,Corpus Christi,TX,27.708989,-97.37356285
1924,"Comics, Cards & Collectibles",9477-G Dyer St.,El Paso,TX,31.88033243,-106.4214405
1925,Cosmic Comics & Cards,728 E. Marshall St.,Grand Prairie,TX,32.72063006,-96.99541681
1926,Cyber Comics LLC,4201 W. University Dr.,Edinburg,TX,26.3155841,-98.16371369
1927,Dakota Dick's Sports Cards & Comics,108 Houston Ave.,Weatherford,TX,32.75867427,-97.79817294
1928,Dale's Planet Comics,333 N. Midkiff Rd.,Midland,TX,31.9925147,-102.1163895
1929,Deep Blue Sea Comics and Games,1302-B Sam Houston Ave.,Huntsville,TX,30.72147152,-95.5515104
1930,Diamond Sport Cards,5300 San Dario Ave. #K8,Laredo,TX,27.55112463,-99.5013918
1931,Dollars & Cents Coins & Cards,500 N. Galloway Ave. #128,Mesquite,TX,32.77075753,-96.59902341
1932,Dragon's Lair Comics & Fantasy(R) Austin,6111 Burnet Rd.,Austin,TX,30.3365599,-97.7389824
1933,Dragon's Lair Comics & Fantasy(R) San Antonio,7959 Fredericksburg Rd. #129,San Antonio,TX,29.5114444,-98.5692882
1934,Duncanville Bookstore,101 W. Camp Wisdom Rd. #J,Duncanville,TX,32.66193499,-96.90699617
1935,East Texas Sports Cards,905 S. Jackson St.,Jacksonville,TX,31.8417252,-100.9922274
1936,Eastside Comics,13429 Woodforest Blvd.,Houston,TX,29.79187247,-95.18638508
1937,"Excalibur Comics, Cards & Games",2811 State Line Ave.,Texarkana,TX,33.44367742,-94.04319805
1938,Excelsior Comic Gallery,617 Uptown Blvd. #105,Cedar Hill,TX,32.59087369,-96.95193862
1939,Fat Ogre Games & Comics,1440 Sawdust Rd. #E2,The Woodlands,TX,30.12635171,-95.46723921
1940,Field of Dreams,13350 Dallas Pkwy.,Dallas,TX,32.9302349,-96.8200391
1941,Finish Line Sports Cards,3009 N. Belt Line Rd.,Irving,TX,32.84759133,-96.99237771
1942,Forbidden Books & Video,835 Exposition,Dallas,TX,32.782,-96.7668
1943,Gamebreaker Sports Cards,1610 E. Main St.,Alice,TX,27.7579976,-98.0543257
1944,"Generation X Comics, Cards, and Games",239 N Industrial,Bedford,TX,32.8416076,-97.09990214
1945,Golden's Book Exchange,3112 Franklin Ave.,Waco,TX,31.5336241,-97.155353
1946,Good Time Charlies Antiques & Comics,114 W Knox St.,Ennis,TX,32.3284992,-96.6286408
1947,Gotham Comixs,207 S. Commerce St.,Harlingen,TX,31.2585787,-100.8146551
1948,Ground Zero Comics,2714 E. Fifth St.,Tyler,TX,32.33257284,-95.26334498
1949,Heroes & Fantasies,914 Pat Booker Rd.,Universal City,TX,29.54950597,-98.29401586
1950,Heroes & Fantasies,4945 N.W. Loop 410,San Antonio,TX,29.47332284,-98.52542111
1951,Heroes Collectables,1570 S.Dairy Ashford #109,Houston,TX,29.7521893,-95.6065536
1952,Heroes World,5000 Katy Mills Cir.,Katy,TX,29.77987924,-95.8106276
1953,Heroplex,6124 C Watauga Rd.,Watauga,TX,32.86041083,-97.24987487
1954,Home Run Baseball Cards,304 E. Travis St.,La Grange,TX,30.9122122,-99.7836082
1955,Jam Sports,6909 N. Loop 1604 E.,San Antonio,TX,29.47332284,-98.52542111
1956,Jericho's Half Off Books II,3422 W. Marshall Ave. (Greggton Antique Mall),Longview,TX,32.5066138,-94.7923203
1957,"Jericho's Half Off Books, Music, Movies, Comics & More",3320 Troup Hwy. #135,Tyler,TX,32.3118983,-95.27432719
1958,Juniors Comic & Cards,20110 Slaughter Ln. #124,Austin,TX,30.3071816,-97.7559964
1959,Keith's Comics,17610 Midway Rd. #136,Dallas,TX,32.9883868,-96.8416925
1960,Kenny's Collectibles of Austin,440 E. St. Elmo Rd. #D,Austin,TX,30.216008,-97.7618385
1961,Koprivas Collectables,1407 S. 31st St. #H (Pecan Plaza),Temple,TX,31.0867904,-97.362384
1962,Leal's Sports Collectibles,Southgate Mall,Kingsville,TX,27.50951475,-97.86095616
1963,Legacy Comics & Collectibles,5702 McPherson Rd.,Laredo,TX,27.55127759,-99.48150531
1964,"Lone Star Comics and Science-Fiction, Inc.",3100 Independence Pkwy. #318,Plano,TX,33.0400418,-96.7510033
1965,"Lone Star Comics and Science-Fiction, Inc.",3501 Gus Thomasson Rd. #51,Mesquite,TX,32.80917111,-96.63436331
1966,"Lone Star Comics and Science-Fiction, Inc.",931 Melbourne Rd.,Hurst,TX,32.82549034,-97.19868277
1967,"Lone Star Comics and Science-Fiction, Inc.",5429 S. Hulen St.,Ft. Worth,TX,0.0,0.0
1968,"Lone Star Comics and Science-Fiction, Inc.",6780 Abrams Rd. #109,Dallas,TX,32.8671042,-96.7420168
1969,"Lone Star Comics and Science-Fiction, Inc.",1215 S. Cooper St.,Arlington,TX,32.7244609,-97.1142741
1970,Lytle's Comics & Games,2501 S. Texas Ave. #C110,College Station,TX,30.60723009,-96.30743596
1971,Madness Comics & Games,111 E. University Dr. #112,Denton,TX,33.2311985,-97.1314663
1972,Madness Comics and Games,3131 Custer Rd. #125,Plano,TX,33.04090602,-96.73358041
1973,Major Players,9584 Dyer St.,El Paso,TX,31.88543805,-106.4176451
1974,MBB Sports Cards & Comics,204 N. Greenville Ave.,Allen,TX,33.10191819,-96.66070768
1975,More Fun Comics,3250 W. Pleasant Run Rd. #235,Lancaster,TX,32.60402618,-96.82161601
1976,More Fun Comics & Games Denton,103 W. Hickory,Denton,TX,33.2143869,-97.132718
1977,Myth Adventures,4617 N. 10th St.,McAllen,TX,26.24393399,-98.22322444
1978,Nan's Games & Comics Too,2011 Southwest Hwy.,Houston,TX,29.73039626,-95.41036744
1979,Nick's Baseball Cards,7522 Campbell Rd.,Dallas,TX,32.9776136,-96.7697628
1980,Ninja Pirate,100 12th St. #105,Pflugerville,TX,30.4434311,-97.6306545
1981,Odyssey Comics & Cards,2425 N. Fry Rd.,Katy,TX,29.79110761,-95.82679839
1982,Pat's Games,2310 Hancock Dr.,Austin,TX,30.3248129,-97.7430512
1983,Rebels Comics,10781 Pebble Hills #B,El Paso,TX,31.8491633,-106.4326601
1984,Rogues Gallery Comics and Games,1601 South I-35 #360,Round Rock,TX,30.49095932,-97.67709294
1985,Seventh No Hitter,112 W. Parkwood Ave.,Friendswood,TX,29.50823507,-95.18966668
1986,Shotokan Anime,514 W. Harwood Rd.,Hurst,TX,32.84754505,-97.17814071
1987,Space Cadets Collection Collection,27326 Robinson Rd. #117,Oak Ridge North,TX,30.15707776,-95.44004418
1988,Space City Collectibles,10910 Old Katy Rd. (between Wilcrest & Beltway 8),Houston,TX,29.7864355,-95.5720251
1989,Sparky's Sports Cards,3056 Northpark Dr.,Humble,TX,29.99200229,-95.26578468
1990,Sports Cards ETC,2301 E. Central Texas Expy.,Killeen,TX,31.0900049,-97.715437
1991,Sports Cards Plus,2239 Lockhill-Selma Rd.,San Antonio,TX,29.5426839,-98.5289294
1992,Sports Cards Plus,5262 34th St.,Lubbock,TX,33.5639822,-101.9252452
1993,SportsManiac Cards and Collectibles,4549 Sherwood Way,San Angelo,TX,31.4340232,-100.4971465
1994,Star Books & Comics,2014 34th St.,Lubbock,TX,33.563581,-101.8603145
1995,"Stats Sports Collectibles, Inc.",1884 Nacogdoches Rd.,San Antonio,TX,29.5056809,-98.4580048
1996,Sunrise Games & Comics,8500 Dyer St.,El Paso,TX,31.8588661,-106.435209
1997,Swords And Superheroes,400 Main St.,Spring,TX,32.8006974,-94.7240026
1998,Swords And Superheroes 2,2515 Chestnut Ridge,Kingwood,TX,33.43753315,-99.82781377
1999,Talon Comics and Games,107 N. Welch St.,Denton,TX,33.21562373,-97.14431006
2000,Tehk World,113 N. Dallas St. #101,Ennis,TX,32.3276911,-96.6286972
2001,Texas Sportscard Co.,2217 Westside Dr.,Deer Park,TX,29.691449,-95.1388578
2002,The Book Cellar,3 W. Central Ave.,Temple,TX,31.0965739,-97.3414072
2003,The Book Rack,2304 W. Park Row Dr.,Arlington,TX,32.72055581,-97.14667518
2004,The Comic Boxx,106 E. Henderson St.,Cleburne,TX,32.34764201,-97.38582889
2005,The Game Closet,3122 Franklin Ave.,Waco,TX,31.53454587,-97.15499479
2006,The Scoreboard of Carthage,427 W. Holly St.,Carthage,TX,32.15978042,-94.34576054
2007,Third Planet Sci-Fi Super Store,2718 Southwest Freeway.,Houston,TX,29.7313036,-95.4218448
2008,Time Out Sports Cards,1611 E. 26th St.,Weslaco,TX,26.15901993,-97.98782873
2009,Titan Comics,3128 Forest Lane #212,Dallas,TX,32.9088007,-96.8706397
2010,Tribe Comics and Games,2919 Manchaca Rd. #102,Austin,TX,30.2416584,-97.7819417
2011,Triple Play Sport Cards,3317 S. 1st St.,Abilene,TX,32.4508196,-99.7648655
2012,Zeus Comics and Collectibles,4411 Lemmon Ave. #105,Dallas,TX,32.8181591,-96.8134318
2013,Black Cat Comics,2263 S. Highland Dr. (The Sugar House Center),Salt Lake City,UT,40.72184305,-111.8582987
2014,"Comics Plus, Inc.",1812 W. Sunset Blvd.,St. George,UT,37.1241588,-113.6221391
2015,Dr. Volts Comics Connection,2023 E. 3300 S.,Salt Lake City,UT,40.69996059,-111.8333752
2016,Dragon's Keep Comic and Games,260 N. University Ave.,Provo,UT,40.2371876,-111.658406
2017,Edgemont Sports Cards,355 S. State St.,Orem,UT,40.2906172,-111.6914586
2018,End Zone,133 S State St.,Clearfield,UT,41.1123052,-112.0232173
2019,Fantasy Rules,79 S. Main St.,Pleasant Grove,UT,40.36276406,-111.7406272
2020,Game Haven,1609 W. 9000 S.,West Jordan,UT,40.58767435,-111.9364072
2021,Game Night Games,2030 South 900 East #E,Salt Lake City,UT,40.7260198,-111.8659758
2022,Hastur Hobbies,6831 S. State St.,Midvale,UT,40.627381,-111.8894579
2023,Heebeegeebeez,2574 Washington Blvd.,Ogden,UT,41.21908991,-111.9704301
2024,Heebeegeebeez,1986 N. Hill Field Rd. #2,Layton,UT,41.0886711,-111.9731144
2025,Night Flight,210 East 400 South #7 (Liberty Square),Salt Lake City,UT,40.7600571,-111.8849182
2026,Night Flight,6222 S. State St.,Salt Lake City,UT,40.63563783,-111.8893604
2027,Dragon's Lair Comics at Brown's Sales and Service,Route 5 N..,Windsor,VT,43.47985415,-72.39365499
2028,Earth Prime Comics,152 Church St.,Burlington,VT,44.47614639,-73.21241382
2029,Empire Hobbies,272 North Main St.,St. Albans,VT,44.82207492,-73.08140561
2030,Forgotten Dreams Used Books and Comics,49 Portland St.,Morrisville,VT,44.56235044,-72.59851207
2031,Heroes Kingdom,72 N. Main St.,St. Albans,VT,44.81269041,-73.083217
2032,Main Street Sports Cards,335 Main St.,Winooski,VT,44.49888231,-73.1839469
2033,Northside Cards & Hobbies,101 Hicks Ave,Bennington,VT,42.8958408,-73.2053541
2034,Quarterstaff Games,152 Church St. (Upstairs),Burlington,VT,44.47614639,-73.21241382
2035,Sports N' Tyme,4357 Main,Manchester,VT,43.1717655,-73.0646223
2036,Wonder Cards & Comics,445 Route 302,Barre,VT,44.17907353,-72.47354267
2037,A-Z Collectibles,9610 Warwick Blvd.,Newport News,VA,37.02548754,-76.45496666
2038,Aftertime Comics,1304 King St.,Alexandria,VA,38.8058187,-77.053823
2039,Amazing Fantasy Comics,209-C Village Ave.,Yorktown,VA,37.23515013,-76.51466494
2040,Amazing Fantasy Comics,14346 Warwick Blvd. #444,Newport News,VA,37.12864847,-76.53623376
2041,Amazing Fantasy Comics,118 American Legion Rd.,Chesapeake,VA,36.8650888,-76.4034666
2042,Anime Pavilion,115 Hillwood Ave. #10,Falls Church,VA,38.8795818,-77.1726453
2043,Atlantis Games and Comics,1920 Centerville Turnpike #120,Virginia Beach,VA,36.7789229,-76.1899069
2044,Atlantis Games and Comics,6231 Portsmouth Blvd.,Portsmouth,VA,36.8207761,-76.3927701
2045,Atlas Comics,1750 Rio Hill Shopping Center,Charlottesville,VA,38.03742407,-78.48557272
2046,Atomic Comics Emporium,452 Denbigh Blvd. #C,Newport News,VA,37.131485,-76.53177372
2047,Atomic Comics Emporium,50 W. Mercury Blvd.,Hampton,VA,37.04376636,-76.35115139
2048,B & B Cards & Collectibles,792 Timberlake Shopping Ctr.,Virginia Beach,VA,36.77783612,-76.01637024
2049,B & D Comics,802 Elm Ave. S.W.,Roanoke,VA,37.27821818,-79.9581616
2050,B & D Sports Cards & Comics,1326 Piney Forest Rd.,Danville,VA,36.6295348,-79.3971863
2051,Backtrack,15511 Warwick Blvd.,Newport News,VA,37.15703137,-76.5563484
2052,Beholder's Eye,700 N Main St.,Blacksburg,VA,37.2348534,-80.42003
2053,Bender's Books & Cards,22 S. Mallory St.,Hampton,VA,37.01916315,-76.3216178
2054,Big Planet Comics,426 Maple Ave. E.,Vienna,VA,38.9093054,-77.2566201
2055,Blue Ridge Comics,2211 S. Main St.,Harrisonburg,VA,38.42206695,-78.89214368
2056,Book'n,154 Prince St.,Tappahannock,VA,37.92923648,-76.85749839
2057,Bress Pawn Shop,721 Granby St.,Norfolk,VA,36.8549333,-76.2887911
2058,Bull Pen,1615 General Booth Blvd. #111,Virginia Beach,VA,36.7843259,-76.0022588
2059,Candle Coins & Stamps,373 Independece Blvd.,Virginia Beach,VA,36.847377,-76.1373633
2060,Castle Coin,1107 S. Military Hwy.,Chesapeake,VA,36.8087013,-76.2207413
2061,Cavalier Comics,109 Glade St. S.E. #E,Wise,VA,36.9767216,-82.58083272
2062,CB Cards & Coins,1939 Victory Blvd.,Portsmouth,VA,36.7938436,-76.3270147
2063,Comic & Card Collectorama,2008 Mt. Vernon Ave.,Alexandria,VA,38.81838584,-77.0861828
2064,Comic Chest,928 Diamond Springs Rd.,Virginia Beach,VA,36.8720162,-76.1695631
2065,Comic Cubicle,4809-2 Courthouse St.,Williamsburg,VA,37.26917247,-76.70719886
2066,Comics and Gaming,7556 Gardner Park Dr.,Gainesville,VA,38.7944345,-77.6219413
2067,Comics Kings,4404 Holland Rd.,Virginia Beach,VA,36.82432696,-76.1276695
2068,Dave's Comics,7019 F Three Chopt Rd.,Richmond,VA,37.58964801,-77.53187265
2069,Downtown Books,49-B W. Water St.,Harrisonburg,VA,38.44835892,-78.86949661
2070,E.G. Comics,142 Maple Ave. W.,Vienna,VA,38.8999555,-77.2663528
2071,Fantasy Escape Comics & Cards,309 Aragona Blvd. #117,Virginia Beach,VA,36.8444849,-76.1464077
2072,Four Color Fantasies,80 Weems Ln.,Winchester,VA,39.16175329,-78.17700416
2073,Front Royal Sport Card & Coin,40 W. 4th St.,Front Royal,VA,38.92372435,-78.194417
2074,Fun-N-Games,460 Turner St.,Blacksburg,VA,37.233582,-80.422902
2075,Game On! Comics,310 Dominion Rd. N.E.,Vienna,VA,38.9045393,-77.2680473
2076,Game Parlor,13936 Metrotech Dr.,Chantilly,VA,38.8968312,-77.4247176
2077,Groovy Gecko's Comics & Games,1505-B Richmond Rd.,Williamsburg,VA,37.29075685,-76.72281887
2078,Heroes & Villains,1152 Big Bethel Rd.,Hampton,VA,37.05723886,-76.42767814
2079,Hobbytown USA,1063 Independence Blvd.,Virginia Beach,VA,36.8719245,-76.1357374
2080,Hole in the Wall Books,905 W. Broad St.,Falls Church,VA,38.8892859,-77.1824301
2081,Jersey's Cards Comics & Gaming,8100D George Washington Memorial Hwy. (Route 17),Yorktown,VA,37.23515013,-76.51466494
2082,Jersey's Cards Comics & Gaming,4852 George Washington Memorial Hwy. (Route 17),Hayes,VA,37.21494657,-82.29311481
2083,Jersey's Cards Comics & Gaming,1818 Todds Ln. #G,Hampton,VA,37.04070272,-76.40601316
2084,Little Fish Comics and Collectibles,9961 Jeff Davis Hwy.,Fredericksburg,VA,38.29919318,-77.48707134
2085,Local Heroes,1905 Colonial Ave.,Norfolk,VA,36.8678583,-76.292687
2086,LostShade Games & Hobbies,625C Mt. Clinton Pike,Harrisonburg,VA,38.43620223,-78.87352888
2087,Lucky Frog Cards,7229 Little River Turnpike,Annandale,VA,38.8300558,-77.1961039
2088,Lynch's Bookstore,267 Granby St.,Norfolk,VA,36.84979479,-76.29064181
2089,MacGuffin: The Graphic Novel Bookshop,340 Oyster Point Rd # 103,Newport News,VA,37.10495594,-76.50928129
2090,McLean Sports Collectibles,6819 Elm St.,McLean,VA,38.9348371,-77.1788978
2091,Memory Lane Sports,Memory Ln.,Virginia Beach,VA,36.77783612,-76.01637024
2092,Nostalgia Plus,1601 Willow Lawn Dr. #312,Richmond,VA,37.52939331,-77.47556818
2093,Oldtown Comics and Toys,705 Caroline St.,Fredericksburg,VA,38.30085684,-77.45771517
2094,Painted Visions,3065 Golansky Blvd.,Woodbridge,VA,38.6514851,-77.3042602
2095,Premiere Collectibles,705 Caroline St.,Fredericksburg,VA,38.30085684,-77.45771517
2096,RD's Bargain Center,5200 George Washington Hwy.,Portsmouth,VA,36.79377973,-76.32839954
2097,"Richmond Comix, Inc.",14249 Midlothian Tpke.,Midlothian,VA,37.50599124,-77.66913539
2098,Ron's Collectors World,7030 Columbia Pike,Annandale,VA,38.8341497,-77.1882392
2099,Smith Discount Books,961 Providence Square Shopping Center,Virginia Beach,VA,36.77783612,-76.01637024
2100,Smith Discount Books,1952 Laskin Rd.,Virginia Beach,VA,36.8486885,-76.0363685
2101,Stafford Comics and Toys,27 Commerce Pkwy.,Fredericksburg,VA,38.29919318,-77.48707134
2102,Stories Comics,9040 W. Broad St.,Richmond,VA,37.52939331,-77.47556818
2103,Stories Comics,5067 Forest Hill Ave.,Richmond,VA,37.5225959,-77.4906969
2104,Stories Comics,29 Dunlop Village Circle,Colonial Heights,VA,37.26708197,-77.39799154
2105,Tenth Inning,3324 W. Mercury Blvd.,Hampton,VA,37.03130709,-76.42098159
2106,The Compleat Strategist,103 East Broad St.,Falls Church,VA,38.8821176,-77.1705465
2107,The Laughing Ogre,10647 Braddock Rd. (University Mall),Fairfax,VA,38.8256264,-77.3148817
2108,The Place,243-B Ridge-McIntire Rd.,Charlottesville,VA,38.03250041,-78.48488849
2109,Time Capsule,4209 West Hundred Rd.,Chester,VA,37.35661599,-77.4447911
2110,Trilogy Comics,5773 Princess Anne Rd.,Virginia Beach,VA,36.8411598,-76.1870593
2111,Trilogy Comics,700 E. Little Creek Rd.,Norfolk,VA,36.9165518,-76.2536526
2112,TSG Hobbies,251 W. Lee Hwy. #691,Warrenton,VA,38.7293105,-77.7986608
2113,Untamed Worlds,15241 Wards Rd.,Lynchburg,VA,37.3360527,-79.1911972
2114,Victory Comics,586 S. Washington St.,Falls Church,VA,38.8794596,-77.1786147
2115,Williamsburg Coin & Stamp,321 Penniman Rd. #A,Williamsburg,VA,37.2714487,-76.6846258
2116,Worlds Best Comics,9714 Warwick Blvd.,Newport News,VA,37.02626063,-76.45544446
2117,Zeno's Books,112 Sparrow Rd.,Chesapeake,VA,36.8332179,-76.2373116
2118,A World Of Collections Comics & Cards,23632 Hwy. 99 #O,Edmonds,WA,47.7842141,-122.3442114
2119,Action City Comics & Toys,2120 S. 320th St. #C-12,Federal Way,WA,47.3167023,-122.305721
2120,Arcane Comics & More,3219 California Ave. S.W.,Seattle,WA,47.5750136,-122.3871139
2121,Arcane Comics & More,5809 15th Ave. N.W.,Seattle,WA,47.62024593,-122.3506866
2122,Atomic Comics,4020 S. Steele St.,Tacoma,WA,47.2204303,-122.4683513
2123,Bel-Kirk Stamp Coin & Comics,11232 120th Ave. N.E. #107,Kirkland,WA,47.68518772,-122.1907275
2124,Bellingham Alternative Library,717 N. Forest St.,Bellingham,WA,48.7422716,-122.484377
2125,Brown's Cooperstown,4258 Fremont Ave. N.,Seattle,WA,47.6590516,-122.3496828
2126,Canamerica Sports Trading,214 N. Commercial St. #3,Bellingham,WA,48.7534493,-122.4777014
2127,Central City Comics,113 E. 4th Ave.,Ellensburg,WA,46.9956558,-120.5465287
2128,Columbia Sportscards & More,5900 N.E. 88th St. #205,Vancouver,WA,45.688238,-122.6120896
2129,Comic Book Ink,1625 E. 72nd and Portland Ave. #800,Tacoma,WA,47.25174587,-122.4596112
2130,Comic Evolution,206 S. Meridian,Puyallup,WA,47.1906264,-122.2938752
2131,Comics Dungeon,250 N.E. 45th St.,Seattle,WA,47.6615547,-122.3259413
2132,Confounded Books,2235 2nd Ave.,Seattle,WA,47.6137087,-122.3455508
2133,Corner Comics,12049 124th Ave. N.E.,Kirkland,WA,47.68518772,-122.1907275
2134,Cosmic Comics & Amusement Arcade,1905 Cornwall Ave.,Bellingham,WA,48.7556997,-122.4753833
2135,Crown Hill Comics & Collectibles,8343 15th Ave. N.W.,Seattle,WA,47.62024593,-122.3506866
2136,Danger Room Comics,201 W. 4th Ave.,Olympia,WA,47.0446477,-122.9031666
2137,Diversified Games,551 N. Market Blvd.,Chehalis,WA,46.6655564,-122.9709937
2138,DJ's Sports Cards,1630 Duvall Ave. N.E.,Renton,WA,47.47608736,-122.1911036
2139,Docking Bay 93,224 Stewart Rd. #115,Mount Vernon,WA,48.44304445,-122.3383852
2140,Dragon's Lair Comics & Fantasy (R),14725 N.E. 20th St. #A,Bellevue,WA,47.6275439,-122.1436912
2141,DreamStrands Comics & Such,115 N. 85th St.,Seattle,WA,47.6903817,-122.3573889
2142,Ernie's Games,17705 140th Ave. N.E. #A-14,Woodinville,WA,47.75679796,-122.1479142
2143,Everett Comics & Cards,2936 Colby Ave.,Everett,WA,47.9781631,-122.209025
2144,Galaxy Comics,1720 5th St. #D,Wenatchee,WA,47.42990285,-120.3462188
2145,Games Plus,3131 Smokey Point Dr. #G,Arlington,WA,48.1552933,-122.1875829
2146,Gary's Books & Collectibles,2531 Broadway,Everett,WA,47.9834911,-122.2009918
2147,Grama's Sports Cards,4120 Meridian St. #170,Bellingham,WA,48.7909407,-122.4852031
2148,I Like Comics,2101 E. 4th Plain Blvd.,Vancouver,WA,45.63571758,-122.5985408
2149,Infinite Frontiers Comics,419 W Entiat Ave,Kennewick,WA,46.21423404,-119.1222097
2150,J & J Collectibles,10616 Main St.,Bellevue,WA,47.6105148,-122.1980871
2151,Kirkland Sportscards,12700 N.E. 124th St. #206,Kirkland,WA,47.710683,-122.1706867
2152,Labyrinth Comic Books & Gaming Provisions,315D Main St.,Mount Vernon,WA,48.42089875,-122.3382583
2153,Merlyn's,N 1 Browne,Spokane,WA,47.66255658,-117.2345719
2154,North Star Comics,11 N. 2nd Ave.,Walla Walla,WA,46.0671435,-118.3399444
2155,Northwest Sportscards,3816 Bridgeport Way W.,University Place,WA,47.2230693,-122.5392178
2156,Odyssey Bookshop,114 W. Front St.,Pt. Angeles,WA,0.0,0.0
2157,Odyssey Comics and Coffee,1503 N.E. 78th St. #10,Vancouver,WA,45.678046,-122.6564861
2158,Olympic Cards & Comics,4129 Pacific Ave.,Lacey,WA,47.0386868,-122.8322248
2159,Pegasus Books,813 Grand Blvd.,Vancouver,WA,45.6273536,-122.640398
2160,Phoenix Games,11811 Mukilteo Speedway #110,Mukilteo,WA,47.91645001,-122.3103173
2161,Platinum Comics,129 S.W. 152nd St.,Burien,WA,47.466629,-122.3351872
2162,Rain City Collectibles,13400 N.E. 175th St.,Woodinville,WA,47.7549995,-122.1605332
2163,Spy Comics and Cards,1500 S. 336th St. #12A,Federal Way,WA,47.3011382,-122.3149765
2164,Stamp Gallery,10335 Main St.,Bellevue,WA,47.61005771,-122.2023663
2165,Super Sports Cards,2700 N.E. Andresen Rd. #A-2,Vancouver,WA,45.6420199,-122.601426
2166,The Book & Comic Rack,551 N.E. Midway Blvd. #2,Oak Harbor,WA,48.3026491,-122.6439852
2167,The Card Exchange,14020 Aurora Ave. N.,Seattle,WA,47.7309367,-122.3446147
2168,The Comic Book Shop,4750 N. Division St. (Northtown Mall),Spokane,WA,47.7028308,-117.4086719
2169,The Comic Book Shop,1401 N. Division St.,Spokane,WA,47.6707664,-117.4116673
2170,The Comic Den,822 S. 3rd St.,Renton,WA,47.4798351,-122.2058411
2171,The Comic Stop,16581 N.E. 74th St. #F-240,Redmond,WA,47.6700936,-122.1197208
2172,The Comic Stop,3333 184th St. S.W. #G,Lynnwood,WA,47.82849659,-122.3033169
2173,The Comic Stop,1402 S.E. Everett Mall Way #160,Everett,WA,47.9075809,-122.2156813
2174,The Comics Keep,3627 Wheaton Way #E,Bremerton,WA,47.5987819,-122.6305765
2175,The Comics Place,301 W. Holly St. #U8,Bellingham,WA,48.7511119,-122.481616
2176,The Dreaming,5226 University Waay N.E.,Seattle,WA,47.62024593,-122.3506866
2177,Vista Sports Cards,1068 14th Ave.,Longview,WA,46.13337503,-122.9371587
2178,Zanadu Comics,1307 N.E. 45th St.,Seattle,WA,47.6611364,-122.3138673
2179,Zanadu Comics,1923 3rd Ave.,Seattle,WA,47.6119817,-122.3405329
2180,C & C Comics & Cards,318 Winfield Rd.,St. Albans,WV,38.3769295,-81.81976692
2181,Cheryl's Comics & Toys,5216 MacCorkle Ave. S.E.,Charleston,WV,38.31747859,-81.57468316
2182,Comic Castle,233 2nd St.,Beckley,WV,37.77367085,-81.19152201
2183,Comic Paradise Plus,401 Walnut Ave.,Fairmont,WV,39.479674,-80.15025654
2184,Comic World,1204 4th Ave.,Huntington,WV,38.42176679,-82.43867421
2185,Family Comics and Hobbies,314 Neville St.,Beckley,WV,37.7764624,-81.1900374
2186,Leslie's Record Land,224 W. Washington St. #226,Charles Town,WV,39.2885042,-77.8619975
2187,Purple Earth Comics,1115 4th Ave.,Huntington,WV,38.42131676,-82.44022416
2188,The Treasure Cove,23 Country Corner Plaza,Danville,WV,38.08077301,-81.83425021
2189,Vidiots Videos and Comics,Hwy. 52 N.,Bluewell,WV,37.31441108,-81.25802956
2190,20th Century Books,1421 South Park #200,Madison,WI,43.0878055,-89.4301208
2191,A Good Book,1405 Hwy. 47,Woodruff,WI,45.8946487,-89.69115918
2192,"All-Pro Collectables, Inc.",Rapids Mall,Wisconsin Rapids,WI,44.3930094,-89.82627151
2193,Arcade Entertainment,N90 N16933 Appleton Ave.,Menomonee Falls,WI,43.1486826,-88.12272168
2194,Big League Cards,1236 Oshkosh Ave.,Oshkosh,WI,44.03438626,-88.56786579
2195,"Board Game Barrister, LLC",2235 S. Kinnickinnic Ave.,Milwaukee,WI,43.0037269,-87.9052597
2196,Capital City Comics,1910 Monroe St.,Madison,WI,43.0645608,-89.4181754
2197,Card & Coin / Packer City Antiques,1920 Marlee Ln.,Green Bay,WI,44.5055103,-88.0724547
2198,Cavalry Game and Hobby,511 E. Silver Spring Dr.,Milwaukee,WI,43.1182305,-87.9038852
2199,Chimera Hobby Shop,820A S. Main St.,Fond Du Lac,WI,43.75366776,-88.44940242
2200,Chimera Hobby Shop,808 W. Wisconsin Ave. #C,Appleton,WI,44.2730269,-88.41751933
2201,Clairemont Comics,2543 E. Clairemont Ave.,Eau Claire,WI,44.82495989,-91.54398304
2202,Collector's Edge Comics East,2004 N. Farwell Ave.,Milwaukee,WI,43.0568775,-87.8881834
2203,Collector's Edge Comics North,7826 W. Burleigh St.,Milwaukee,WI,43.0755926,-88.0106243
2204,Collector's Edge Comics South,2330 S. Kinnickinnic Ave.,Milwaukee,WI,43.0023484,-87.9033511
2205,Collector's Edge Comics West,6830 W. Lincoln Ave.,West Allis,WI,43.0031295,-87.99896
2206,Earth's Mightiest Comics,6015 W. Forest Home Ave. #4,Milwaukee,WI,42.9752026,-87.9886321
2207,"Eau Claire Comics and Collectibles, LLC",1044 Main St.,Eau Claire,WI,44.3249556,-88.1770815
2208,F-5 Comics & Collector Cards,6233 W. Greenfield Ave.,Milwaukee,WI,43.0641114,-87.96721631
2209,Freaktoyz,526 North 8th St.,Sheboygan,WI,43.75008232,-87.71302474
2210,Frugal Muse East,1193 N. Sherman Ave.,Madison,WI,43.1127948,-89.3626277
2211,Frugal Muse West,235 Junction Rd.,Madison,WI,43.0640391,-89.5251144
2212,Galaxy Hobby,2626 Post Rd.,Plover,WI,44.4576356,-89.5429637
2213,Gnome Games East Town Mall,2350 E. Mason St.,Green Bay,WI,44.4851012,-87.9649738
2214,Gnome Games Tournament Center,2160 Ridge Rd.,Green Bay,WI,44.52070927,-87.98541795
2215,Heroes Sports Cards & Non Sports Cards,6403 W. Forest Home Ave.,Greenfield,WI,42.9732773,-87.9928852
2216,House of Heroes,407 N. Main St.,Oshkosh,WI,44.1803524,-88.0643952
2217,Jeff's Sportscards,17000 W. Capitol Dr.,Brookfield,WI,43.0902291,-88.1254145
2218,Jim's Comics of Slantrax Video,203 Center Ave.,Janesville,WI,42.6772361,-89.0315032
2219,JohnnyCee Cards,2005 Grand Ave.,Wausau,WI,44.9032153,-89.6136916
2220,Kowabunga Comics,102 N. Main St.,Oconomowoc,WI,43.0542039,-89.07448
2221,"Kryptonite Kollectibles, Inc.",3000 Milton Ave. #104,Janesville,WI,42.7185376,-88.9958668
2222,Legendary Cards & Comics,5200 Washington Ave.,Racine,WI,42.71887212,-87.84214489
2223,Lost World of Wonders,6913 W. Oklahoma Ave.,Milwaukee,WI,42.9877966,-87.9989309
2224,M.L. Comics,180 S. Main St.,Thiensville,WI,42.9170366,-89.2194006
2225,Neptune Comics,2120 E. Moreland Blvd. #L,Waukesha,WI,43.02725271,-88.19115747
2226,Noble Knight Games,2242 Kennedy Rd.,Janesville,WI,42.7106832,-89.0051856
2227,Planet Chaos Comics,1117 Whitewater Ave.,Fort Atkinson,WI,42.91457619,-88.83202602
2228,Power House Comics,807 W. College Ave.,Appleton,WI,44.26170021,-88.41900461
2229,Powers Comics & Collectibles,2180 S. Ridge Rd.,Green Bay,WI,44.495472,-88.069563
2230,Prairie Comics and Books,585 N. Main St.,Cottage Grove,WI,43.086523,-89.1999024
2231,Rockhead's Comics & Games,2225 63rd St.,Kenosha,WI,42.5774932,-87.8365826
2232,Slam Dunk Sports Cards & Comics,7529 40th Ave.,Kenosha,WI,42.5654123,-87.8562388
2233,The Book Exchange,726 Rose St.,La Crosse,WI,43.83494421,-91.24807345
2234,The Great Escape - Mark's Comics & Games,340 N. Military Ave.,Green Bay,WI,44.5337721,-88.0566344
2235,The Hawke's Nest,821 B First Ave.,Woodruff,WI,45.89677435,-89.69934681
2236,The Turning Page,2452 N. Murray Ave.,Milwaukee,WI,43.0626809,-87.8851299
2237,The Vault of Comics and Toys,1626 Rapids Dr.,Racine,WI,42.74487317,-87.80047971
2238,Uniq Coins,1566 W. Mason St.,Green Bay,WI,44.523576,-88.0629495
2239,Universal Comics,716 N Barstow St.,Waukesha,WI,43.00993491,-88.22919792
2240,Victory Games,1310 Union Ave.,Sheboygan,WI,43.73213585,-87.72229548
2241,Video Gallery / Comic Alley,493 Interchange N.,Lake Geneva,WI,42.60515861,-88.42901371
2242,Westfield Comics,7475 Mineral Point Rd.,Madison,WI,43.058798,-89.5125595
2243,"Dugout Cards, Comics & Collectibles",457 N. Front St.,Rock Springs,WY,41.58731505,-109.2206891
2244,Heroes Only Comics & Games,3151 Nationway #K5,Cheyenne,WY,41.1319472,-104.7762432
2245,Heros Comics & Sportscards,20 W. Broadway,Jackson,WY,43.4792639,-110.7627125
2246,The Card Kid Inc.,2510 Warren Ave. #3170,Cheyenne,WY,41.1418079,-104.8188332
2247,The First Resort,214 N. Main St.,Sheridan,WY,44.7998445,-106.9562265
2248,Big Planet Comics,1520 U St. N.W.,Washington,DC,38.90477236,-77.01628888
